Workbook
Name AsOfDate: Metrics!$C$50
Name CurrentPrice: Metrics!$C$4
Name MomentumStatus: Metrics!$C$78
Name RetDay: Metrics!$C$52
Name RetMonth: Metrics!$C$54
Name RetWeek: Metrics!$C$53
Name RetYTD: Metrics!$C$55
Name TrendStatus: Metrics!$C$77
Name VolatilityStatus: Metrics!$C$79

Sheet Dashboard
B1: GOLD — TECHNICAL ANALYSIS DASHBOARD
B2: ="XAU · As of "&TEXT(AsOfDate,"dd mmm yyyy")&" · Auto-updating workbook" -> 0
B3: Dashboard | C3: Trend | D3: Momentum | E3: Volatility | F3: S & R | G3: Matrix | H3: Outlook | I3: Data | J3: Read Me
B5: MARKET SNAPSHOT
B6: CURRENT PRICE | D6: DAILY | F6: WEEKLY | H6: MONTHLY | J6: YTD
B7: =CurrentPrice -> 0 | D7: =RetDay -> 0 | F7: =RetWeek -> 0 | H7: =RetMonth -> 0 | J7: =RetYTD -> 0
B10: MARKET REGIME
B11: TREND | E11: MOMENTUM | H11: VOLATILITY
B12: =TrendStatus -> 0 | E12: =MomentumStatus -> 0 | H12: =VolatilityStatus -> 0
B14: KEY LEVELS | G14: OUTLOOK
B15: Resistance 3 | D15: =IFERROR(Metrics!$C$65,"-") -> 0 | G15: Horizon | H15: Bias | J15: Target
B16: Resistance 2 | D16: =IFERROR(Metrics!$C$64,"-") -> 0 | G16: 1W | H16: =Metrics!$C$98 -> 0 | J16: =IFERROR(Metrics!$C$108,"-") -> 0
B17: Resistance 1 | D17: =IFERROR(Metrics!$C$63,"-") -> 0 | G17: 1M | H17: =Metrics!$D$98 -> 0 | J17: =IFERROR(Metrics!$D$108,"-") -> 0
B18: Support 1 | D18: =IFERROR(Metrics!$C$66,"-") -> 0 | G18: 3M | H18: =Metrics!$E$98 -> 0 | J18: =IFERROR(Metrics!$E$108,"-") -> 0
B19: Support 2 | D19: =IFERROR(Metrics!$C$67,"-") -> 0
B20: Support 3 | D20: =IFERROR(Metrics!$C$68,"-") -> 0

Sheet Trend
B1: TREND
B2: Moving-average structure and trend strength (daily).
B3: Dashboard | C3: Trend | D3: Momentum | E3: Volatility | F3: S & R | G3: Matrix | H3: Outlook | I3: Data | J3: Read Me
B5: MOVING AVERAGES (DAILY)
B6: Moving Average | C6: Value | D6: Price vs MA | E6: Position
B7: EMA20 | C7: =IFERROR(Metrics!$C$11,"-") -> 0 | D7: =IFERROR(Metrics!$C$4/Metrics!$C$11-1,"-") -> 0 | E7: =IF(Metrics!$C$4>Metrics!$C$11,"Above","Below") -> 0
B8: EMA50 | C8: =IFERROR(Metrics!$C$12,"-") -> 0 | D8: =IFERROR(Metrics!$C$4/Metrics!$C$12-1,"-") -> 0 | E8: =IF(Metrics!$C$4>Metrics!$C$12,"Above","Below") -> 0
B9: EMA100 | C9: =IFERROR(Metrics!$C$13,"-") -> 0 | D9: =IFERROR(Metrics!$C$4/Metrics!$C$13-1,"-") -> 0 | E9: =IF(Metrics!$C$4>Metrics!$C$13,"Above","Below") -> 0
B10: EMA200 | C10: =IFERROR(Metrics!$C$14,"-") -> 0 | D10: =IFERROR(Metrics!$C$4/Metrics!$C$14-1,"-") -> 0 | E10: =IF(Metrics!$C$4>Metrics!$C$14,"Above","Below") -> 0
B12: TREND SCORE
B13: Composite (-100 bearish … +100 bullish) | E13: =ROUND(AVERAGE(Metrics!$C$86:$C$89)/2*100,0) -> 0
B14: Trend status | E14: =TrendStatus -> 0

Sheet Momentum
B1: MOMENTUM
B2: Oscillators across timeframes (RSI, MACD, Stochastic, Stoch-RSI).
B3: Dashboard | C3: Trend | D3: Momentum | E3: Volatility | F3: S & R | G3: Matrix | H3: Outlook | I3: Data | J3: Read Me
B5: DAILY READINGS
B6: Indicator | D6: Value | F6: State
B7: RSI (14) | D7: =IFERROR(Metrics!$C$19,"-") -> 0 | F7: =IF(Metrics!$C$19="","-",IF(Metrics!$C$19>=70,"Overbought",IF(Metrics!$C$19<=30,"Oversold","Neutral"))) -> 0
B8: MACD | D8: =IFERROR(Metrics!$C$20,"-") -> 0 | F8: =IF(Metrics!$C$22="","-",IF(Metrics!$C$22>0,"Bullish","Bearish")) -> 0
B9: MACD signal | D9: =IFERROR(Metrics!$C$21,"-") -> 0 | F9: ="" -> 0
B10: Stochastic %K | D10: =IFERROR(Metrics!$C$23,"-") -> 0 | F10: =IF(Metrics!$C$23="","-",IF(Metrics!$C$23>=80,"Overbought",IF(Metrics!$C$23<=20,"Oversold","Neutral"))) -> 0
B11: Stoch-RSI %K | D11: =IFERROR(Metrics!$C$25,"-") -> 0 | F11: =IF(Metrics!$C$25="","-",IF(Metrics!$C$25>=80,"Overbought",IF(Metrics!$C$25<=20,"Oversold","Neutral"))) -> 0
B13: MULTI-TIMEFRAME SIGNAL
B14: Indicator | D14: Daily | E14: Weekly | F14: Monthly
B15: RSI | D15: =CHOOSE(Metrics!$C$81+3,"Bearish","Slightly Bearish","Neutral","Slightly Bullish","Bullish") -> 0 | E15: =CHOOSE(Metrics!$D$81+3,"Bearish","Slightly Bearish","Neutral","Slightly Bullish","Bullish") -> 0 | F15: =CHOOSE(Metrics!$E$81+3,"Bearish","Slightly Bearish","Neutral","Slightly Bullish","Bullish") -> 0
B16: MACD | D16: =CHOOSE(Metrics!$C$82+3,"Bearish","Slightly Bearish","Neutral","Slightly Bullish","Bullish") -> 0 | E16: =CHOOSE(Metrics!$D$82+3,"Bearish","Slightly Bearish","Neutral","Slightly Bullish","Bullish") -> 0 | F16: =CHOOSE(Metrics!$E$82+3,"Bearish","Slightly Bearish","Neutral","Slightly Bullish","Bullish") -> 0
B17: Stochastic | D17: =CHOOSE(Metrics!$C$83+3,"Bearish","Slightly Bearish","Neutral","Slightly Bullish","Bullish") -> 0 | E17: =CHOOSE(Metrics!$D$83+3,"Bearish","Slightly Bearish","Neutral","Slightly Bullish","Bullish") -> 0 | F17: =CHOOSE(Metrics!$E$83+3,"Bearish","Slightly Bearish","Neutral","Slightly Bullish","Bullish") -> 0
B18: Stoch RSI | D18: =CHOOSE(Metrics!$C$84+3,"Bearish","Slightly Bearish","Neutral","Slightly Bullish","Bullish") -> 0 | E18: =CHOOSE(Metrics!$D$84+3,"Bearish","Slightly Bearish","Neutral","Slightly Bullish","Bullish") -> 0 | F18: =CHOOSE(Metrics!$E$84+3,"Bearish","Slightly Bearish","Neutral","Slightly Bullish","Bullish") -> 0

Sheet Volatility
B1: VOLATILITY
B2: ATR, Bollinger Bands, historical volatility and regime.
B3: Dashboard | C3: Trend | D3: Momentum | E3: Volatility | F3: S & R | G3: Matrix | H3: Outlook | I3: Data | J3: Read Me
B5: DAILY READINGS
B6: Metric | E6: Value
B7: ATR (14) | E7: =IFERROR(Metrics!$C$30,"-") -> 0
B8: ATR % of price | E8: =IFERROR(Metrics!$C$30/Metrics!$C$4,"-") -> 0
B9: Bollinger bandwidth | E9: =IFERROR(Metrics!$C$35,"-") -> 0
B10: Bollinger %B | E10: =IFERROR(Metrics!$C$34,"-") -> 0
B11: Hist. vol (ann.) | E11: =IFERROR(Metrics!$C$39,"-") -> 0
B13: VOLATILITY REGIME
B14: Current regime | E14: =VolatilityStatus -> 0
B15: HV vs 100-bar average | E15: =IFERROR(Metrics!$C$39/Metrics!$C$49-1,"-") -> 0

Sheet Support & Resistance
B1: SUPPORT & RESISTANCE
B2: Swing levels, pivots, Fibonacci retracements and Donchian channel.
B3: Dashboard | C3: Trend | D3: Momentum | E3: Volatility | F3: S & R | G3: Matrix | H3: Outlook | I3: Data | J3: Read Me
B5: SWING LEVELS | F5: CLASSIC PIVOTS | J5: DONCHIAN (20)
B6: Level | D6: Price | F6: Level | H6: Price
B7: Resistance 3 | D7: =IFERROR(Metrics!$C$65,"-") -> 0 | F7: R3 | H7: =IFERROR(Metrics!$C$61,"-") -> 0 | J7: Upper | K7: =IFERROR(Metrics!$C$36,"-") -> 0
B8: Resistance 2 | D8: =IFERROR(Metrics!$C$64,"-") -> 0 | F8: R2 | H8: =IFERROR(Metrics!$C$59,"-") -> 0 | J8: Mid | K8: =IFERROR(Metrics!$C$38,"-") -> 0
B9: Resistance 1 | D9: =IFERROR(Metrics!$C$63,"-") -> 0 | F9: R1 | H9: =IFERROR(Metrics!$C$57,"-") -> 0 | J9: Lower | K9: =IFERROR(Metrics!$C$37,"-") -> 0
B10: Current price | D10: =IFERROR(Metrics!$C$4,"-") -> 0 | F10: Pivot (PP) | H10: =IFERROR(Metrics!$C$56,"-") -> 0
B11: Support 1 | D11: =IFERROR(Metrics!$C$66,"-") -> 0 | F11: S1 | H11: =IFERROR(Metrics!$C$58,"-") -> 0
B12: Support 2 | D12: =IFERROR(Metrics!$C$67,"-") -> 0 | F12: S2 | H12: =IFERROR(Metrics!$C$60,"-") -> 0
B13: Support 3 | D13: =IFERROR(Metrics!$C$68,"-") -> 0 | F13: S3 | H13: =IFERROR(Metrics!$C$62,"-") -> 0
B15: FIBONACCI RETRACEMENT (recent major swing)
B16: Ratio | D16: Price
B17: 0.0% | D17: =IFERROR(Metrics!$C$70,"-") -> 0
B18: 23.6% | D18: =IFERROR(Metrics!$C$71,"-") -> 0
B19: 38.2% | D19: =IFERROR(Metrics!$C$72,"-") -> 0
B20: 50.0% | D20: =IFERROR(Metrics!$C$73,"-") -> 0
B21: 61.8% | D21: =IFERROR(Metrics!$C$74,"-") -> 0
B22: 78.6% | D22: =IFERROR(Metrics!$C$75,"-") -> 0
B23: 100.0% | D23: =IFERROR(Metrics!$C$76,"-") -> 0
B25: Swing highs/lows use a confirmed 4-bar fractal. Resistance/Support pick the nearest confirmed swing levels above/below the current price. Fibonacci spans the most recent major swing within the last 100 bars; direction is detected automatically.

Sheet Matrix
B1: MULTI-TIMEFRAME INDICATOR MATRIX
B2: 14 indicators classified Bearish → Bullish on each timeframe.
B3: Dashboard | C3: Trend | D3: Momentum | E3: Volatility | F3: S & R | G3: Matrix | H3: Outlook | I3: Data | J3: Read Me
B5: INDICATOR MATRIX | G5: HORIZON SCORE
B6: Indicator | C6: Daily | D6: Weekly | E6: Monthly | G6: Horizon | H6: Score | I6: Bias
B7: RSI | C7: =CHOOSE(Metrics!$C$81+3,"Bearish","Slightly Bearish","Neutral","Slightly Bullish","Bullish") -> 0 | D7: =CHOOSE(Metrics!$D$81+3,"Bearish","Slightly Bearish","Neutral","Slightly Bullish","Bullish") -> 0 | E7: =CHOOSE(Metrics!$E$81+3,"Bearish","Slightly Bearish","Neutral","Slightly Bullish","Bullish") -> 0 | G7: Daily | H7: =Metrics!$C$97&"/100" -> 0 | I7: =Metrics!$C$98 -> 0
B8: MACD | C8: =CHOOSE(Metrics!$C$82+3,"Bearish","Slightly Bearish","Neutral","Slightly Bullish","Bullish") -> 0 | D8: =CHOOSE(Metrics!$D$82+3,"Bearish","Slightly Bearish","Neutral","Slightly Bullish","Bullish") -> 0 | E8: =CHOOSE(Metrics!$E$82+3,"Bearish","Slightly Bearish","Neutral","Slightly Bullish","Bullish") -> 0 | G8: Weekly | H8: =Metrics!$D$97&"/100" -> 0 | I8: =Metrics!$D$98 -> 0
B9: Stochastic | C9: =CHOOSE(Metrics!$C$83+3,"Bearish","Slightly Bearish","Neutral","Slightly Bullish","Bullish") -> 0 | D9: =CHOOSE(Metrics!$D$83+3,"Bearish","Slightly Bearish","Neutral","Slightly Bullish","Bullish") -> 0 | E9: =CHOOSE(Metrics!$E$83+3,"Bearish","Slightly Bearish","Neutral","Slightly Bullish","Bullish") -> 0 | G9: Monthly | H9: =Metrics!$E$97&"/100" -> 0 | I9: =Metrics!$E$98 -> 0
B10: Stoch RSI | C10: =CHOOSE(Metrics!$C$84+3,"Bearish","Slightly Bearish","Neutral","Slightly Bullish","Bullish") -> 0 | D10: =CHOOSE(Metrics!$D$84+3,"Bearish","Slightly Bearish","Neutral","Slightly Bullish","Bullish") -> 0 | E10: =CHOOSE(Metrics!$E$84+3,"Bearish","Slightly Bearish","Neutral","Slightly Bullish","Bullish") -> 0
B11: ADX/DMI | C11: =CHOOSE(Metrics!$C$85+3,"Bearish","Slightly Bearish","Neutral","Slightly Bullish","Bullish") -> 0 | D11: =CHOOSE(Metrics!$D$85+3,"Bearish","Slightly Bearish","Neutral","Slightly Bullish","Bullish") -> 0 | E11: =CHOOSE(Metrics!$E$85+3,"Bearish","Slightly Bearish","Neutral","Slightly Bullish","Bullish") -> 0
B12: EMA20 | C12: =CHOOSE(Metrics!$C$86+3,"Bearish","Slightly Bearish","Neutral","Slightly Bullish","Bullish") -> 0 | D12: =CHOOSE(Metrics!$D$86+3,"Bearish","Slightly Bearish","Neutral","Slightly Bullish","Bullish") -> 0 | E12: =CHOOSE(Metrics!$E$86+3,"Bearish","Slightly Bearish","Neutral","Slightly Bullish","Bullish") -> 0 | G12: SIGNAL BREAKDOWN
B13: EMA50 | C13: =CHOOSE(Metrics!$C$87+3,"Bearish","Slightly Bearish","Neutral","Slightly Bullish","Bullish") -> 0 | D13: =CHOOSE(Metrics!$D$87+3,"Bearish","Slightly Bearish","Neutral","Slightly Bullish","Bullish") -> 0 | E13: =CHOOSE(Metrics!$E$87+3,"Bearish","Slightly Bearish","Neutral","Slightly Bullish","Bullish") -> 0 | H13: Bullish | I13: Neutral | J13: Bearish
B14: EMA100 | C14: =CHOOSE(Metrics!$C$88+3,"Bearish","Slightly Bearish","Neutral","Slightly Bullish","Bullish") -> 0 | D14: =CHOOSE(Metrics!$D$88+3,"Bearish","Slightly Bearish","Neutral","Slightly Bullish","Bullish") -> 0 | E14: =CHOOSE(Metrics!$E$88+3,"Bearish","Slightly Bearish","Neutral","Slightly Bullish","Bullish") -> 0 | G14: Daily | H14: =Metrics!$C$102 -> 0 | I14: =Metrics!$C$103 -> 0 | J14: =Metrics!$C$104 -> 0
B15: EMA200 | C15: =CHOOSE(Metrics!$C$89+3,"Bearish","Slightly Bearish","Neutral","Slightly Bullish","Bullish") -> 0 | D15: =CHOOSE(Metrics!$D$89+3,"Bearish","Slightly Bearish","Neutral","Slightly Bullish","Bullish") -> 0 | E15: =CHOOSE(Metrics!$E$89+3,"Bearish","Slightly Bearish","Neutral","Slightly Bullish","Bullish") -> 0 | G15: Weekly | H15: =Metrics!$D$102 -> 0 | I15: =Metrics!$D$103 -> 0 | J15: =Metrics!$D$104 -> 0
B16: Ichimoku | C16: =CHOOSE(Metrics!$C$90+3,"Bearish","Slightly Bearish","Neutral","Slightly Bullish","Bullish") -> 0 | D16: =CHOOSE(Metrics!$D$90+3,"Bearish","Slightly Bearish","Neutral","Slightly Bullish","Bullish") -> 0 | E16: =CHOOSE(Metrics!$E$90+3,"Bearish","Slightly Bearish","Neutral","Slightly Bullish","Bullish") -> 0 | G16: Monthly | H16: =Metrics!$E$102 -> 0 | I16: =Metrics!$E$103 -> 0 | J16: =Metrics!$E$104 -> 0
B17: Bollinger Bands | C17: =CHOOSE(Metrics!$C$91+3,"Bearish","Slightly Bearish","Neutral","Slightly Bullish","Bullish") -> 0 | D17: =CHOOSE(Metrics!$D$91+3,"Bearish","Slightly Bearish","Neutral","Slightly Bullish","Bullish") -> 0 | E17: =CHOOSE(Metrics!$E$91+3,"Bearish","Slightly Bearish","Neutral","Slightly Bullish","Bullish") -> 0
B18: Donchian Channel | C18: =CHOOSE(Metrics!$C$92+3,"Bearish","Slightly Bearish","Neutral","Slightly Bullish","Bullish") -> 0 | D18: =CHOOSE(Metrics!$D$92+3,"Bearish","Slightly Bearish","Neutral","Slightly Bullish","Bullish") -> 0 | E18: =CHOOSE(Metrics!$E$92+3,"Bearish","Slightly Bearish","Neutral","Slightly Bullish","Bullish") -> 0
B19: Fibonacci | C19: =CHOOSE(Metrics!$C$93+3,"Bearish","Slightly Bearish","Neutral","Slightly Bullish","Bullish") -> 0 | D19: =CHOOSE(Metrics!$D$93+3,"Bearish","Slightly Bearish","Neutral","Slightly Bullish","Bullish") -> 0 | E19: =CHOOSE(Metrics!$E$93+3,"Bearish","Slightly Bearish","Neutral","Slightly Bullish","Bullish") -> 0
B20: Regression Channel | C20: =CHOOSE(Metrics!$C$94+3,"Bearish","Slightly Bearish","Neutral","Slightly Bullish","Bullish") -> 0 | D20: =CHOOSE(Metrics!$D$94+3,"Bearish","Slightly Bearish","Neutral","Slightly Bullish","Bullish") -> 0 | E20: =CHOOSE(Metrics!$E$94+3,"Bearish","Slightly Bearish","Neutral","Slightly Bullish","Bullish") -> 0

Sheet Outlook
B1: OUTLOOK
B2: Forward view derived from the indicator matrix and volatility.
B3: Dashboard | C3: Trend | D3: Momentum | E3: Volatility | F3: S & R | G3: Matrix | H3: Outlook | I3: Data | J3: Read Me
B5: DIRECTIONAL OUTLOOK
B6: Horizon | C6: Bias | E6: Target Price | G6: Expected Range | I6: Confidence
B7: 1 Week | C7: =Metrics!$C$98 -> 0 | E7: =IFERROR(Metrics!$C$108,"-") -> 0 | G7: =IFERROR(TEXT(Metrics!$C$109,"#,##0")&" - "&TEXT(Metrics!$C$110,"#,##0"),"-") -> 0 | I7: =IFERROR(TEXT(Metrics!$C$111/100,"0%")&" ("&IF(Metrics!$C$111>=66,"High",IF(Metrics!$C$111>=40,"Medium","Low"))&")","-") -> 0
B8: 1 Month | C8: =Metrics!$D$98 -> 0 | E8: =IFERROR(Metrics!$D$108,"-") -> 0 | G8: =IFERROR(TEXT(Metrics!$D$109,"#,##0")&" - "&TEXT(Metrics!$D$110,"#,##0"),"-") -> 0 | I8: =IFERROR(TEXT(Metrics!$D$111/100,"0%")&" ("&IF(Metrics!$D$111>=66,"High",IF(Metrics!$D$111>=40,"Medium","Low"))&")","-") -> 0
B9: 3 Months | C9: =Metrics!$E$98 -> 0 | E9: =IFERROR(Metrics!$E$108,"-") -> 0 | G9: =IFERROR(TEXT(Metrics!$E$109,"#,##0")&" - "&TEXT(Metrics!$E$110,"#,##0"),"-") -> 0 | I9: =IFERROR(TEXT(Metrics!$E$111/100,"0%")&" ("&IF(Metrics!$E$111>=66,"High",IF(Metrics!$E$111>=40,"Medium","Low"))&")","-") -> 0
B12: METHOD
B13: Bias for each horizon comes from the matrix horizon score (1 Week ← Daily, 1 Month ← Weekly, 3 Months ← Monthly). The target applies a volatility-scaled drift in the direction of bias; the expected range is a ±1-sigma band using annualised historical volatility scaled to the horizon (5 / 21 / 63 trading days). Confidence reflects how far the horizon score sits from neutral (50). All figures recompute automatically from the Data sheet.
C18: 1 Week | D18: 1 Month | E18: 3 Months
B19: High | C19: =IFERROR(Metrics!$C$110,"-") -> 0 | D19: =IFERROR(Metrics!$D$110,"-") -> 0 | E19: =IFERROR(Metrics!$E$110,"-") -> 0
B20: Target | C20: =IFERROR(Metrics!$C$108,"-") -> 0 | D20: =IFERROR(Metrics!$D$108,"-") -> 0 | E20: =IFERROR(Metrics!$E$108,"-") -> 0
B21: Low | C21: =IFERROR(Metrics!$C$109,"-") -> 0 | D21: =IFERROR(Metrics!$D$109,"-") -> 0 | E21: =IFERROR(Metrics!$E$109,"-") -> 0

Sheet Data
A1: Date | B1: Open | C1: High | D1: Low | E1: Close | G1: INPUT SHEET — paste your gold OHLC history here.
A2: 45712 | B2: 1852.84 | C2: 1854.52 | D2: 1843.92 | E2: 1846.25 | G2: Columns must stay in this order: Date | Open | High | Low | Close. Dates oldest→newest (top to bottom). To use your own data: select the sample rows below the header and paste over them; the table and every other sheet update automatically. The engine supports up to 2,000 daily rows. The data shipped here is SAMPLE data — replace it. See the 'Read Me' sheet for details.
A3: 45713 | B3: 1845.07 | C3: 1853.27 | D3: 1827.63 | E3: 1830.74
A4: 45714 | B4: 1832.11 | C4: 1852.52 | D4: 1830.75 | E4: 1849.6
A5: 45715 | B5: 1854.35 | C5: 1858.11 | D5: 1817.65 | E5: 1821.29
A6: 45716 | B6: 1811.78 | C6: 1818.23 | D6: 1789.61 | E6: 1792.97
A7: 45719 | B7: 1792.72 | C7: 1802.65 | D7: 1788.12 | E7: 1798.9
A8: 45720 | B8: 1801.03 | C8: 1809.68 | D8: 1788.66 | E8: 1804.91
A9: 45721 | B9: 1811.4 | C9: 1819.71 | D9: 1806.04 | E9: 1815.2
A10: 45722 | B10: 1814.62 | C10: 1819.21 | D10: 1808.2 | E10: 1810
A11: 45723 | B11: 1804.81 | C11: 1808.57 | D11: 1794.24 | E11: 1803.05
A12: 45726 | B12: 1804.37 | C12: 1807.45 | D12: 1779.31 | E12: 1789.98
A13: 45727 | B13: 1797.01 | C13: 1811.48 | D13: 1789.21 | E13: 1791.52
A14: 45728 | B14: 1787.13 | C14: 1793.99 | D14: 1786.69 | E14: 1790.43
... A341: 46185 | B341: 2523.11 | C341: 2532.97 | D341: 2510.7 | E341: 2515.82

Sheet Read Me
B1: GOLD TECHNICAL ANALYSIS — WORKBOOK GUIDE
B2: Institutional-style, fully self-updating technical model for gold (XAU).
B3: Dashboard | C3: Trend | D3: Momentum | E3: Volatility | F3: S & R | G3: Matrix | H3: Outlook | I3: Data | J3: Read Me
B5: HOW TO USE
B6: 1. Open the 'Data' sheet — it is the ONLY place you enter anything.
B7: 2. Paste your gold price history with columns in this exact order: Date | Open | High | Low | Close.
B8: 3. Keep dates sorted oldest → newest (top to bottom). Daily bars are expected.
B9: 4. Replace the shipped SAMPLE data: select the sample rows under the header and paste over them.
B10: 5. Everything else (Dashboard, Trend, Momentum, Volatility, Support & Resistance, Matrix, Outlook)
B11: recalculates automatically. No buttons, no macros, no manual steps.
B13: WHAT IS CALCULATED
B14: Trend | D14: EMA 20 / 50 / 100 / 200, price-vs-MA position, EMA slope, composite trend score.
B15: Momentum | D15: RSI(14), MACD(12,26,9), Stochastic %K/%D (14,3), Stochastic-RSI(14).
B16: Volatility | D16: ATR(14), Bollinger Bands(20,2), 20-bar historical volatility (annualised), volatility regime.
B17: Support / Resistance | D17: Fractal swing highs/lows, classic pivots, Fibonacci retracements, Donchian(20).
B18: Multi-Timeframe Matrix | D18: 14 indicators classified Bearish→Bullish on Daily, Weekly and Monthly resampled data.
B19: Outlook | D19: 1-week / 1-month / 3-month bias, target, expected range and confidence.
B21: METHOD NOTES & ASSUMPTIONS
B22: • Weekly and monthly series are resampled from your daily data inside the hidden engine (week = Mon–Fri grouping).
B23: • RSI / ATR / ADX use simple-moving-average smoothing (Cutler's method) for clean, stable spreadsheet formulas.
B24: • EMAs are seeded from the first available price and converge as history grows; supply ample history for EMA200.
B25: • An EMA is only classified once its timeframe has enough bars (EMA20→20, 50→50, 100→100, 200→200); otherwise it
B26: scores Neutral, so under-warmed Weekly/Monthly EMAs cannot inflate bias.
B27: • Ichimoku cloud uses the standard 9/26/52 settings; the cloud is read 26 bars back for the price-vs-cloud signal.
B28: • Classification maps each indicator to a -2..+2 score; a horizon score (0–100) is the rescaled average of 14 indicators.
B29: • Trend Status uses the same daily EMA composite as the Trend Score: |score| ≥ 50 ⇒ up/down trend, else SIDEWAYS.
B30: • Outlook targets/ranges are derived from horizon bias and historical volatility (±1σ scaled by horizon).
B31: • Engine capacity: up to 2,000 daily / 440 weekly / 120 monthly bars. Hidden engine sheets
B32: (Calc_Daily/Weekly/Monthly, ChartData, Metrics) can be unhidden to inspect every formula.
... B35: DISCLAIMER — For research and educational purposes only. Technical analysis is not investment advice. Markets involve risk; validate all figures before relying on them.

Sheet ChartData
A1: Date | B1: Open | C1: High | D1: Low | E1: Close | F1: EMA20 | G1: EMA50 | H1: EMA100 | I1: EMA200 | J1: RSI | K1: RSI70 | L1: RSI30 | M1: MACD | N1: Signal | O1: Hist | P1: BBup | Q1: BBmid | R1: BBlow | S1: ATR | T1: HV | U1: DonUp | V1: DonLow
A2: =IF((Metrics!$H$1-180+1)<1,"",INDEX(Calc_Daily!$A$2:$A$2001,(Metrics!$H$1-180+1))) -> 0 | B2: =IF((Metrics!$H$1-180+1)<1,"",INDEX(Calc_Daily!$B$2:$B$2001,(Metrics!$H$1-180+1))) -> 0 | C2: =IF((Metrics!$H$1-180+1)<1,"",INDEX(Calc_Daily!$C$2:$C$2001,(Metrics!$H$1-180+1))) -> 0 | D2: =IF((Metrics!$H$1-180+1)<1,"",INDEX(Calc_Daily!$D$2:$D$2001,(Metrics!$H$1-180+1))) -> 0 | E2: =IF((Metrics!$H$1-180+1)<1,"",INDEX(Calc_Daily!$E$2:$E$2001,(Metrics!$H$1-180+1))) -> 0 | F2: =IF((Metrics!$H$1-180+1)<1,"",INDEX(Calc_Daily!$H$2:$H$2001,(Metrics!$H$1-180+1))) -> 0 | G2: =IF((Metrics!$H$1-180+1)<1,"",INDEX(Calc_Daily!$I$2:$I$2001,(Metrics!$H$1-180+1))) -> 0 | H2: =IF((Metrics!$H$1-180+1)<1,"",INDEX(Calc_Daily!$J$2:$J$2001,(Metrics!$H$1-180+1))) -> 0 | I2: =IF((Metrics!$H$1-180+1)<1,"",INDEX(Calc_Daily!$K$2:$K$2001,(Metrics!$H$1-180+1))) -> 0 | J2: =IF((Metrics!$H$1-180+1)<1,"",INDEX(Calc_Daily!$N$2:$N$2001,(Metrics!$H$1-180+1))) -> 0 | K2: =IF((Metrics!$H$1-180+1)<1,"",70) -> 0 | L2: =IF((Metrics!$H$1-180+1)<1,"",30) -> 0 | M2: =IF((Metrics!$H$1-180+1)<1,"",INDEX(Calc_Daily!$Q$2:$Q$2001,(Metrics!$H$1-180+1))) -> 0 | N2: =IF((Metrics!$H$1-180+1)<1,"",INDEX(Calc_Daily!$R$2:$R$2001,(Metrics!$H$1-180+1))) -> 0 | O2: =IF((Metrics!$H$1-180+1)<1,"",INDEX(Calc_Daily!$S$2:$S$2001,(Metrics!$H$1-180+1))) -> 0 | P2: =IF((Metrics!$H$1-180+1)<1,"",INDEX(Calc_Daily!$AM$2:$AM$2001,(Metrics!$H$1-180+1))) -> 0 | Q2: =IF((Metrics!$H$1-180+1)<1,"",INDEX(Calc_Daily!$AK$2:$AK$2001,(Metrics!$H$1-180+1))) -> 0 | R2: =IF((Metrics!$H$1-180+1)<1,"",INDEX(Calc_Daily!$AN$2:$AN$2001,(Metrics!$H$1-180+1))) -> 0 | S2: =IF((Metrics!$H$1-180+1)<1,"",INDEX(Calc_Daily!$AD$2:$AD$2001,(Metrics!$H$1-180+1))) -> 0 | T2: =IF((Metrics!$H$1-180+1)<1,"",INDEX(Calc_Daily!$AT$2:$AT$2001,(Metrics!$H$1-180+1))) -> 0 | U2: =IF((Metrics!$H$1-180+1)<1,"",INDEX(Calc_Daily!$AQ$2:$AQ$2001,(Metrics!$H$1-180+1))) -> 0 | V2: =IF((Metrics!$H$1-180+1)<1,"",INDEX(Calc_Daily!$AR$2:$AR$2001,(Metrics!$H$1-180+1))) -> 0
A3: =IF((Metrics!$H$1-180+2)<1,"",INDEX(Calc_Daily!$A$2:$A$2001,(Metrics!$H$1-180+2))) -> 0 | B3: =IF((Metrics!$H$1-180+2)<1,"",INDEX(Calc_Daily!$B$2:$B$2001,(Metrics!$H$1-180+2))) -> 0 | C3: =IF((Metrics!$H$1-180+2)<1,"",INDEX(Calc_Daily!$C$2:$C$2001,(Metrics!$H$1-180+2))) -> 0 | D3: =IF((Metrics!$H$1-180+2)<1,"",INDEX(Calc_Daily!$D$2:$D$2001,(Metrics!$H$1-180+2))) -> 0 | E3: =IF((Metrics!$H$1-180+2)<1,"",INDEX(Calc_Daily!$E$2:$E$2001,(Metrics!$H$1-180+2))) -> 0 | F3: =IF((Metrics!$H$1-180+2)<1,"",INDEX(Calc_Daily!$H$2:$H$2001,(Metrics!$H$1-180+2))) -> 0 | G3: =IF((Metrics!$H$1-180+2)<1,"",INDEX(Calc_Daily!$I$2:$I$2001,(Metrics!$H$1-180+2))) -> 0 | H3: =IF((Metrics!$H$1-180+2)<1,"",INDEX(Calc_Daily!$J$2:$J$2001,(Metrics!$H$1-180+2))) -> 0 | I3: =IF((Metrics!$H$1-180+2)<1,"",INDEX(Calc_Daily!$K$2:$K$2001,(Metrics!$H$1-180+2))) -> 0 | J3: =IF((Metrics!$H$1-180+2)<1,"",INDEX(Calc_Daily!$N$2:$N$2001,(Metrics!$H$1-180+2))) -> 0 | K3: =IF((Metrics!$H$1-180+2)<1,"",70) -> 0 | L3: =IF((Metrics!$H$1-180+2)<1,"",30) -> 0 | M3: =IF((Metrics!$H$1-180+2)<1,"",INDEX(Calc_Daily!$Q$2:$Q$2001,(Metrics!$H$1-180+2))) -> 0 | N3: =IF((Metrics!$H$1-180+2)<1,"",INDEX(Calc_Daily!$R$2:$R$2001,(Metrics!$H$1-180+2))) -> 0 | O3: =IF((Metrics!$H$1-180+2)<1,"",INDEX(Calc_Daily!$S$2:$S$2001,(Metrics!$H$1-180+2))) -> 0 | P3: =IF((Metrics!$H$1-180+2)<1,"",INDEX(Calc_Daily!$AM$2:$AM$2001,(Metrics!$H$1-180+2))) -> 0 | Q3: =IF((Metrics!$H$1-180+2)<1,"",INDEX(Calc_Daily!$AK$2:$AK$2001,(Metrics!$H$1-180+2))) -> 0 | R3: =IF((Metrics!$H$1-180+2)<1,"",INDEX(Calc_Daily!$AN$2:$AN$2001,(Metrics!$H$1-180+2))) -> 0 | S3: =IF((Metrics!$H$1-180+2)<1,"",INDEX(Calc_Daily!$AD$2:$AD$2001,(Metrics!$H$1-180+2))) -> 0 | T3: =IF((Metrics!$H$1-180+2)<1,"",INDEX(Calc_Daily!$AT$2:$AT$2001,(Metrics!$H$1-180+2))) -> 0 | U3: =IF((Metrics!$H$1-180+2)<1,"",INDEX(Calc_Daily!$AQ$2:$AQ$2001,(Metrics!$H$1-180+2))) -> 0 | V3: =IF((Metrics!$H$1-180+2)<1,"",INDEX(Calc_Daily!$AR$2:$AR$2001,(Metrics!$H$1-180+2))) -> 0
A4: =IF((Metrics!$H$1-180+3)<1,"",INDEX(Calc_Daily!$A$2:$A$2001,(Metrics!$H$1-180+3))) -> 0 | B4: =IF((Metrics!$H$1-180+3)<1,"",INDEX(Calc_Daily!$B$2:$B$2001,(Metrics!$H$1-180+3))) -> 0 | C4: =IF((Metrics!$H$1-180+3)<1,"",INDEX(Calc_Daily!$C$2:$C$2001,(Metrics!$H$1-180+3))) -> 0 | D4: =IF((Metrics!$H$1-180+3)<1,"",INDEX(Calc_Daily!$D$2:$D$2001,(Metrics!$H$1-180+3))) -> 0 | E4: =IF((Metrics!$H$1-180+3)<1,"",INDEX(Calc_Daily!$E$2:$E$2001,(Metrics!$H$1-180+3))) -> 0 | F4: =IF((Metrics!$H$1-180+3)<1,"",INDEX(Calc_Daily!$H$2:$H$2001,(Metrics!$H$1-180+3))) -> 0 | G4: =IF((Metrics!$H$1-180+3)<1,"",INDEX(Calc_Daily!$I$2:$I$2001,(Metrics!$H$1-180+3))) -> 0 | H4: =IF((Metrics!$H$1-180+3)<1,"",INDEX(Calc_Daily!$J$2:$J$2001,(Metrics!$H$1-180+3))) -> 0 | I4: =IF((Metrics!$H$1-180+3)<1,"",INDEX(Calc_Daily!$K$2:$K$2001,(Metrics!$H$1-180+3))) -> 0 | J4: =IF((Metrics!$H$1-180+3)<1,"",INDEX(Calc_Daily!$N$2:$N$2001,(Metrics!$H$1-180+3))) -> 0 | K4: =IF((Metrics!$H$1-180+3)<1,"",70) -> 0 | L4: =IF((Metrics!$H$1-180+3)<1,"",30) -> 0 | M4: =IF((Metrics!$H$1-180+3)<1,"",INDEX(Calc_Daily!$Q$2:$Q$2001,(Metrics!$H$1-180+3))) -> 0 | N4: =IF((Metrics!$H$1-180+3)<1,"",INDEX(Calc_Daily!$R$2:$R$2001,(Metrics!$H$1-180+3))) -> 0 | O4: =IF((Metrics!$H$1-180+3)<1,"",INDEX(Calc_Daily!$S$2:$S$2001,(Metrics!$H$1-180+3))) -> 0 | P4: =IF((Metrics!$H$1-180+3)<1,"",INDEX(Calc_Daily!$AM$2:$AM$2001,(Metrics!$H$1-180+3))) -> 0 | Q4: =IF((Metrics!$H$1-180+3)<1,"",INDEX(Calc_Daily!$AK$2:$AK$2001,(Metrics!$H$1-180+3))) -> 0 | R4: =IF((Metrics!$H$1-180+3)<1,"",INDEX(Calc_Daily!$AN$2:$AN$2001,(Metrics!$H$1-180+3))) -> 0 | S4: =IF((Metrics!$H$1-180+3)<1,"",INDEX(Calc_Daily!$AD$2:$AD$2001,(Metrics!$H$1-180+3))) -> 0 | T4: =IF((Metrics!$H$1-180+3)<1,"",INDEX(Calc_Daily!$AT$2:$AT$2001,(Metrics!$H$1-180+3))) -> 0 | U4: =IF((Metrics!$H$1-180+3)<1,"",INDEX(Calc_Daily!$AQ$2:$AQ$2001,(Metrics!$H$1-180+3))) -> 0 | V4: =IF((Metrics!$H$1-180+3)<1,"",INDEX(Calc_Daily!$AR$2:$AR$2001,(Metrics!$H$1-180+3))) -> 0
A5: =IF((Metrics!$H$1-180+4)<1,"",INDEX(Calc_Daily!$A$2:$A$2001,(Metrics!$H$1-180+4))) -> 0 | B5: =IF((Metrics!$H$1-180+4)<1,"",INDEX(Calc_Daily!$B$2:$B$2001,(Metrics!$H$1-180+4))) -> 0 | C5: =IF((Metrics!$H$1-180+4)<1,"",INDEX(Calc_Daily!$C$2:$C$2001,(Metrics!$H$1-180+4))) -> 0 | D5: =IF((Metrics!$H$1-180+4)<1,"",INDEX(Calc_Daily!$D$2:$D$2001,(Metrics!$H$1-180+4))) -> 0 | E5: =IF((Metrics!$H$1-180+4)<1,"",INDEX(Calc_Daily!$E$2:$E$2001,(Metrics!$H$1-180+4))) -> 0 | F5: =IF((Metrics!$H$1-180+4)<1,"",INDEX(Calc_Daily!$H$2:$H$2001,(Metrics!$H$1-180+4))) -> 0 | G5: =IF((Metrics!$H$1-180+4)<1,"",INDEX(Calc_Daily!$I$2:$I$2001,(Metrics!$H$1-180+4))) -> 0 | H5: =IF((Metrics!$H$1-180+4)<1,"",INDEX(Calc_Daily!$J$2:$J$2001,(Metrics!$H$1-180+4))) -> 0 | I5: =IF((Metrics!$H$1-180+4)<1,"",INDEX(Calc_Daily!$K$2:$K$2001,(Metrics!$H$1-180+4))) -> 0 | J5: =IF((Metrics!$H$1-180+4)<1,"",INDEX(Calc_Daily!$N$2:$N$2001,(Metrics!$H$1-180+4))) -> 0 | K5: =IF((Metrics!$H$1-180+4)<1,"",70) -> 0 | L5: =IF((Metrics!$H$1-180+4)<1,"",30) -> 0 | M5: =IF((Metrics!$H$1-180+4)<1,"",INDEX(Calc_Daily!$Q$2:$Q$2001,(Metrics!$H$1-180+4))) -> 0 | N5: =IF((Metrics!$H$1-180+4)<1,"",INDEX(Calc_Daily!$R$2:$R$2001,(Metrics!$H$1-180+4))) -> 0 | O5: =IF((Metrics!$H$1-180+4)<1,"",INDEX(Calc_Daily!$S$2:$S$2001,(Metrics!$H$1-180+4))) -> 0 | P5: =IF((Metrics!$H$1-180+4)<1,"",INDEX(Calc_Daily!$AM$2:$AM$2001,(Metrics!$H$1-180+4))) -> 0 | Q5: =IF((Metrics!$H$1-180+4)<1,"",INDEX(Calc_Daily!$AK$2:$AK$2001,(Metrics!$H$1-180+4))) -> 0 | R5: =IF((Metrics!$H$1-180+4)<1,"",INDEX(Calc_Daily!$AN$2:$AN$2001,(Metrics!$H$1-180+4))) -> 0 | S5: =IF((Metrics!$H$1-180+4)<1,"",INDEX(Calc_Daily!$AD$2:$AD$2001,(Metrics!$H$1-180+4))) -> 0 | T5: =IF((Metrics!$H$1-180+4)<1,"",INDEX(Calc_Daily!$AT$2:$AT$2001,(Metrics!$H$1-180+4))) -> 0 | U5: =IF((Metrics!$H$1-180+4)<1,"",INDEX(Calc_Daily!$AQ$2:$AQ$2001,(Metrics!$H$1-180+4))) -> 0 | V5: =IF((Metrics!$H$1-180+4)<1,"",INDEX(Calc_Daily!$AR$2:$AR$2001,(Metrics!$H$1-180+4))) -> 0
A6: =IF((Metrics!$H$1-180+5)<1,"",INDEX(Calc_Daily!$A$2:$A$2001,(Metrics!$H$1-180+5))) -> 0 | B6: =IF((Metrics!$H$1-180+5)<1,"",INDEX(Calc_Daily!$B$2:$B$2001,(Metrics!$H$1-180+5))) -> 0 | C6: =IF((Metrics!$H$1-180+5)<1,"",INDEX(Calc_Daily!$C$2:$C$2001,(Metrics!$H$1-180+5))) -> 0 | D6: =IF((Metrics!$H$1-180+5)<1,"",INDEX(Calc_Daily!$D$2:$D$2001,(Metrics!$H$1-180+5))) -> 0 | E6: =IF((Metrics!$H$1-180+5)<1,"",INDEX(Calc_Daily!$E$2:$E$2001,(Metrics!$H$1-180+5))) -> 0 | F6: =IF((Metrics!$H$1-180+5)<1,"",INDEX(Calc_Daily!$H$2:$H$2001,(Metrics!$H$1-180+5))) -> 0 | G6: =IF((Metrics!$H$1-180+5)<1,"",INDEX(Calc_Daily!$I$2:$I$2001,(Metrics!$H$1-180+5))) -> 0 | H6: =IF((Metrics!$H$1-180+5)<1,"",INDEX(Calc_Daily!$J$2:$J$2001,(Metrics!$H$1-180+5))) -> 0 | I6: =IF((Metrics!$H$1-180+5)<1,"",INDEX(Calc_Daily!$K$2:$K$2001,(Metrics!$H$1-180+5))) -> 0 | J6: =IF((Metrics!$H$1-180+5)<1,"",INDEX(Calc_Daily!$N$2:$N$2001,(Metrics!$H$1-180+5))) -> 0 | K6: =IF((Metrics!$H$1-180+5)<1,"",70) -> 0 | L6: =IF((Metrics!$H$1-180+5)<1,"",30) -> 0 | M6: =IF((Metrics!$H$1-180+5)<1,"",INDEX(Calc_Daily!$Q$2:$Q$2001,(Metrics!$H$1-180+5))) -> 0 | N6: =IF((Metrics!$H$1-180+5)<1,"",INDEX(Calc_Daily!$R$2:$R$2001,(Metrics!$H$1-180+5))) -> 0 | O6: =IF((Metrics!$H$1-180+5)<1,"",INDEX(Calc_Daily!$S$2:$S$2001,(Metrics!$H$1-180+5))) -> 0 | P6: =IF((Metrics!$H$1-180+5)<1,"",INDEX(Calc_Daily!$AM$2:$AM$2001,(Metrics!$H$1-180+5))) -> 0 | Q6: =IF((Metrics!$H$1-180+5)<1,"",INDEX(Calc_Daily!$AK$2:$AK$2001,(Metrics!$H$1-180+5))) -> 0 | R6: =IF((Metrics!$H$1-180+5)<1,"",INDEX(Calc_Daily!$AN$2:$AN$2001,(Metrics!$H$1-180+5))) -> 0 | S6: =IF((Metrics!$H$1-180+5)<1,"",INDEX(Calc_Daily!$AD$2:$AD$2001,(Metrics!$H$1-180+5))) -> 0 | T6: =IF((Metrics!$H$1-180+5)<1,"",INDEX(Calc_Daily!$AT$2:$AT$2001,(Metrics!$H$1-180+5))) -> 0 | U6: =IF((Metrics!$H$1-180+5)<1,"",INDEX(Calc_Daily!$AQ$2:$AQ$2001,(Metrics!$H$1-180+5))) -> 0 | V6: =IF((Metrics!$H$1-180+5)<1,"",INDEX(Calc_Daily!$AR$2:$AR$2001,(Metrics!$H$1-180+5))) -> 0
A7: =IF((Metrics!$H$1-180+6)<1,"",INDEX(Calc_Daily!$A$2:$A$2001,(Metrics!$H$1-180+6))) -> 0 | B7: =IF((Metrics!$H$1-180+6)<1,"",INDEX(Calc_Daily!$B$2:$B$2001,(Metrics!$H$1-180+6))) -> 0 | C7: =IF((Metrics!$H$1-180+6)<1,"",INDEX(Calc_Daily!$C$2:$C$2001,(Metrics!$H$1-180+6))) -> 0 | D7: =IF((Metrics!$H$1-180+6)<1,"",INDEX(Calc_Daily!$D$2:$D$2001,(Metrics!$H$1-180+6))) -> 0 | E7: =IF((Metrics!$H$1-180+6)<1,"",INDEX(Calc_Daily!$E$2:$E$2001,(Metrics!$H$1-180+6))) -> 0 | F7: =IF((Metrics!$H$1-180+6)<1,"",INDEX(Calc_Daily!$H$2:$H$2001,(Metrics!$H$1-180+6))) -> 0 | G7: =IF((Metrics!$H$1-180+6)<1,"",INDEX(Calc_Daily!$I$2:$I$2001,(Metrics!$H$1-180+6))) -> 0 | H7: =IF((Metrics!$H$1-180+6)<1,"",INDEX(Calc_Daily!$J$2:$J$2001,(Metrics!$H$1-180+6))) -> 0 | I7: =IF((Metrics!$H$1-180+6)<1,"",INDEX(Calc_Daily!$K$2:$K$2001,(Metrics!$H$1-180+6))) -> 0 | J7: =IF((Metrics!$H$1-180+6)<1,"",INDEX(Calc_Daily!$N$2:$N$2001,(Metrics!$H$1-180+6))) -> 0 | K7: =IF((Metrics!$H$1-180+6)<1,"",70) -> 0 | L7: =IF((Metrics!$H$1-180+6)<1,"",30) -> 0 | M7: =IF((Metrics!$H$1-180+6)<1,"",INDEX(Calc_Daily!$Q$2:$Q$2001,(Metrics!$H$1-180+6))) -> 0 | N7: =IF((Metrics!$H$1-180+6)<1,"",INDEX(Calc_Daily!$R$2:$R$2001,(Metrics!$H$1-180+6))) -> 0 | O7: =IF((Metrics!$H$1-180+6)<1,"",INDEX(Calc_Daily!$S$2:$S$2001,(Metrics!$H$1-180+6))) -> 0 | P7: =IF((Metrics!$H$1-180+6)<1,"",INDEX(Calc_Daily!$AM$2:$AM$2001,(Metrics!$H$1-180+6))) -> 0 | Q7: =IF((Metrics!$H$1-180+6)<1,"",INDEX(Calc_Daily!$AK$2:$AK$2001,(Metrics!$H$1-180+6))) -> 0 | R7: =IF((Metrics!$H$1-180+6)<1,"",INDEX(Calc_Daily!$AN$2:$AN$2001,(Metrics!$H$1-180+6))) -> 0 | S7: =IF((Metrics!$H$1-180+6)<1,"",INDEX(Calc_Daily!$AD$2:$AD$2001,(Metrics!$H$1-180+6))) -> 0 | T7: =IF((Metrics!$H$1-180+6)<1,"",INDEX(Calc_Daily!$AT$2:$AT$2001,(Metrics!$H$1-180+6))) -> 0 | U7: =IF((Metrics!$H$1-180+6)<1,"",INDEX(Calc_Daily!$AQ$2:$AQ$2001,(Metrics!$H$1-180+6))) -> 0 | V7: =IF((Metrics!$H$1-180+6)<1,"",INDEX(Calc_Daily!$AR$2:$AR$2001,(Metrics!$H$1-180+6))) -> 0
A8: =IF((Metrics!$H$1-180+7)<1,"",INDEX(Calc_Daily!$A$2:$A$2001,(Metrics!$H$1-180+7))) -> 0 | B8: =IF((Metrics!$H$1-180+7)<1,"",INDEX(Calc_Daily!$B$2:$B$2001,(Metrics!$H$1-180+7))) -> 0 | C8: =IF((Metrics!$H$1-180+7)<1,"",INDEX(Calc_Daily!$C$2:$C$2001,(Metrics!$H$1-180+7))) -> 0 | D8: =IF((Metrics!$H$1-180+7)<1,"",INDEX(Calc_Daily!$D$2:$D$2001,(Metrics!$H$1-180+7))) -> 0 | E8: =IF((Metrics!$H$1-180+7)<1,"",INDEX(Calc_Daily!$E$2:$E$2001,(Metrics!$H$1-180+7))) -> 0 | F8: =IF((Metrics!$H$1-180+7)<1,"",INDEX(Calc_Daily!$H$2:$H$2001,(Metrics!$H$1-180+7))) -> 0 | G8: =IF((Metrics!$H$1-180+7)<1,"",INDEX(Calc_Daily!$I$2:$I$2001,(Metrics!$H$1-180+7))) -> 0 | H8: =IF((Metrics!$H$1-180+7)<1,"",INDEX(Calc_Daily!$J$2:$J$2001,(Metrics!$H$1-180+7))) -> 0 | I8: =IF((Metrics!$H$1-180+7)<1,"",INDEX(Calc_Daily!$K$2:$K$2001,(Metrics!$H$1-180+7))) -> 0 | J8: =IF((Metrics!$H$1-180+7)<1,"",INDEX(Calc_Daily!$N$2:$N$2001,(Metrics!$H$1-180+7))) -> 0 | K8: =IF((Metrics!$H$1-180+7)<1,"",70) -> 0 | L8: =IF((Metrics!$H$1-180+7)<1,"",30) -> 0 | M8: =IF((Metrics!$H$1-180+7)<1,"",INDEX(Calc_Daily!$Q$2:$Q$2001,(Metrics!$H$1-180+7))) -> 0 | N8: =IF((Metrics!$H$1-180+7)<1,"",INDEX(Calc_Daily!$R$2:$R$2001,(Metrics!$H$1-180+7))) -> 0 | O8: =IF((Metrics!$H$1-180+7)<1,"",INDEX(Calc_Daily!$S$2:$S$2001,(Metrics!$H$1-180+7))) -> 0 | P8: =IF((Metrics!$H$1-180+7)<1,"",INDEX(Calc_Daily!$AM$2:$AM$2001,(Metrics!$H$1-180+7))) -> 0 | Q8: =IF((Metrics!$H$1-180+7)<1,"",INDEX(Calc_Daily!$AK$2:$AK$2001,(Metrics!$H$1-180+7))) -> 0 | R8: =IF((Metrics!$H$1-180+7)<1,"",INDEX(Calc_Daily!$AN$2:$AN$2001,(Metrics!$H$1-180+7))) -> 0 | S8: =IF((Metrics!$H$1-180+7)<1,"",INDEX(Calc_Daily!$AD$2:$AD$2001,(Metrics!$H$1-180+7))) -> 0 | T8: =IF((Metrics!$H$1-180+7)<1,"",INDEX(Calc_Daily!$AT$2:$AT$2001,(Metrics!$H$1-180+7))) -> 0 | U8: =IF((Metrics!$H$1-180+7)<1,"",INDEX(Calc_Daily!$AQ$2:$AQ$2001,(Metrics!$H$1-180+7))) -> 0 | V8: =IF((Metrics!$H$1-180+7)<1,"",INDEX(Calc_Daily!$AR$2:$AR$2001,(Metrics!$H$1-180+7))) -> 0
A9: =IF((Metrics!$H$1-180+8)<1,"",INDEX(Calc_Daily!$A$2:$A$2001,(Metrics!$H$1-180+8))) -> 0 | B9: =IF((Metrics!$H$1-180+8)<1,"",INDEX(Calc_Daily!$B$2:$B$2001,(Metrics!$H$1-180+8))) -> 0 | C9: =IF((Metrics!$H$1-180+8)<1,"",INDEX(Calc_Daily!$C$2:$C$2001,(Metrics!$H$1-180+8))) -> 0 | D9: =IF((Metrics!$H$1-180+8)<1,"",INDEX(Calc_Daily!$D$2:$D$2001,(Metrics!$H$1-180+8))) -> 0 | E9: =IF((Metrics!$H$1-180+8)<1,"",INDEX(Calc_Daily!$E$2:$E$2001,(Metrics!$H$1-180+8))) -> 0 | F9: =IF((Metrics!$H$1-180+8)<1,"",INDEX(Calc_Daily!$H$2:$H$2001,(Metrics!$H$1-180+8))) -> 0 | G9: =IF((Metrics!$H$1-180+8)<1,"",INDEX(Calc_Daily!$I$2:$I$2001,(Metrics!$H$1-180+8))) -> 0 | H9: =IF((Metrics!$H$1-180+8)<1,"",INDEX(Calc_Daily!$J$2:$J$2001,(Metrics!$H$1-180+8))) -> 0 | I9: =IF((Metrics!$H$1-180+8)<1,"",INDEX(Calc_Daily!$K$2:$K$2001,(Metrics!$H$1-180+8))) -> 0 | J9: =IF((Metrics!$H$1-180+8)<1,"",INDEX(Calc_Daily!$N$2:$N$2001,(Metrics!$H$1-180+8))) -> 0 | K9: =IF((Metrics!$H$1-180+8)<1,"",70) -> 0 | L9: =IF((Metrics!$H$1-180+8)<1,"",30) -> 0 | M9: =IF((Metrics!$H$1-180+8)<1,"",INDEX(Calc_Daily!$Q$2:$Q$2001,(Metrics!$H$1-180+8))) -> 0 | N9: =IF((Metrics!$H$1-180+8)<1,"",INDEX(Calc_Daily!$R$2:$R$2001,(Metrics!$H$1-180+8))) -> 0 | O9: =IF((Metrics!$H$1-180+8)<1,"",INDEX(Calc_Daily!$S$2:$S$2001,(Metrics!$H$1-180+8))) -> 0 | P9: =IF((Metrics!$H$1-180+8)<1,"",INDEX(Calc_Daily!$AM$2:$AM$2001,(Metrics!$H$1-180+8))) -> 0 | Q9: =IF((Metrics!$H$1-180+8)<1,"",INDEX(Calc_Daily!$AK$2:$AK$2001,(Metrics!$H$1-180+8))) -> 0 | R9: =IF((Metrics!$H$1-180+8)<1,"",INDEX(Calc_Daily!$AN$2:$AN$2001,(Metrics!$H$1-180+8))) -> 0 | S9: =IF((Metrics!$H$1-180+8)<1,"",INDEX(Calc_Daily!$AD$2:$AD$2001,(Metrics!$H$1-180+8))) -> 0 | T9: =IF((Metrics!$H$1-180+8)<1,"",INDEX(Calc_Daily!$AT$2:$AT$2001,(Metrics!$H$1-180+8))) -> 0 | U9: =IF((Metrics!$H$1-180+8)<1,"",INDEX(Calc_Daily!$AQ$2:$AQ$2001,(Metrics!$H$1-180+8))) -> 0 | V9: =IF((Metrics!$H$1-180+8)<1,"",INDEX(Calc_Daily!$AR$2:$AR$2001,(Metrics!$H$1-180+8))) -> 0
A10: =IF((Metrics!$H$1-180+9)<1,"",INDEX(Calc_Daily!$A$2:$A$2001,(Metrics!$H$1-180+9))) -> 0 | B10: =IF((Metrics!$H$1-180+9)<1,"",INDEX(Calc_Daily!$B$2:$B$2001,(Metrics!$H$1-180+9))) -> 0 | C10: =IF((Metrics!$H$1-180+9)<1,"",INDEX(Calc_Daily!$C$2:$C$2001,(Metrics!$H$1-180+9))) -> 0 | D10: =IF((Metrics!$H$1-180+9)<1,"",INDEX(Calc_Daily!$D$2:$D$2001,(Metrics!$H$1-180+9))) -> 0 | E10: =IF((Metrics!$H$1-180+9)<1,"",INDEX(Calc_Daily!$E$2:$E$2001,(Metrics!$H$1-180+9))) -> 0 | F10: =IF((Metrics!$H$1-180+9)<1,"",INDEX(Calc_Daily!$H$2:$H$2001,(Metrics!$H$1-180+9))) -> 0 | G10: =IF((Metrics!$H$1-180+9)<1,"",INDEX(Calc_Daily!$I$2:$I$2001,(Metrics!$H$1-180+9))) -> 0 | H10: =IF((Metrics!$H$1-180+9)<1,"",INDEX(Calc_Daily!$J$2:$J$2001,(Metrics!$H$1-180+9))) -> 0 | I10: =IF((Metrics!$H$1-180+9)<1,"",INDEX(Calc_Daily!$K$2:$K$2001,(Metrics!$H$1-180+9))) -> 0 | J10: =IF((Metrics!$H$1-180+9)<1,"",INDEX(Calc_Daily!$N$2:$N$2001,(Metrics!$H$1-180+9))) -> 0 | K10: =IF((Metrics!$H$1-180+9)<1,"",70) -> 0 | L10: =IF((Metrics!$H$1-180+9)<1,"",30) -> 0 | M10: =IF((Metrics!$H$1-180+9)<1,"",INDEX(Calc_Daily!$Q$2:$Q$2001,(Metrics!$H$1-180+9))) -> 0 | N10: =IF((Metrics!$H$1-180+9)<1,"",INDEX(Calc_Daily!$R$2:$R$2001,(Metrics!$H$1-180+9))) -> 0 | O10: =IF((Metrics!$H$1-180+9)<1,"",INDEX(Calc_Daily!$S$2:$S$2001,(Metrics!$H$1-180+9))) -> 0 | P10: =IF((Metrics!$H$1-180+9)<1,"",INDEX(Calc_Daily!$AM$2:$AM$2001,(Metrics!$H$1-180+9))) -> 0 | Q10: =IF((Metrics!$H$1-180+9)<1,"",INDEX(Calc_Daily!$AK$2:$AK$2001,(Metrics!$H$1-180+9))) -> 0 | R10: =IF((Metrics!$H$1-180+9)<1,"",INDEX(Calc_Daily!$AN$2:$AN$2001,(Metrics!$H$1-180+9))) -> 0 | S10: =IF((Metrics!$H$1-180+9)<1,"",INDEX(Calc_Daily!$AD$2:$AD$2001,(Metrics!$H$1-180+9))) -> 0 | T10: =IF((Metrics!$H$1-180+9)<1,"",INDEX(Calc_Daily!$AT$2:$AT$2001,(Metrics!$H$1-180+9))) -> 0 | U10: =IF((Metrics!$H$1-180+9)<1,"",INDEX(Calc_Daily!$AQ$2:$AQ$2001,(Metrics!$H$1-180+9))) -> 0 | V10: =IF((Metrics!$H$1-180+9)<1,"",INDEX(Calc_Daily!$AR$2:$AR$2001,(Metrics!$H$1-180+9))) -> 0
A11: =IF((Metrics!$H$1-180+10)<1,"",INDEX(Calc_Daily!$A$2:$A$2001,(Metrics!$H$1-180+10))) -> 0 | B11: =IF((Metrics!$H$1-180+10)<1,"",INDEX(Calc_Daily!$B$2:$B$2001,(Metrics!$H$1-180+10))) -> 0 | C11: =IF((Metrics!$H$1-180+10)<1,"",INDEX(Calc_Daily!$C$2:$C$2001,(Metrics!$H$1-180+10))) -> 0 | D11: =IF((Metrics!$H$1-180+10)<1,"",INDEX(Calc_Daily!$D$2:$D$2001,(Metrics!$H$1-180+10))) -> 0 | E11: =IF((Metrics!$H$1-180+10)<1,"",INDEX(Calc_Daily!$E$2:$E$2001,(Metrics!$H$1-180+10))) -> 0 | F11: =IF((Metrics!$H$1-180+10)<1,"",INDEX(Calc_Daily!$H$2:$H$2001,(Metrics!$H$1-180+10))) -> 0 | G11: =IF((Metrics!$H$1-180+10)<1,"",INDEX(Calc_Daily!$I$2:$I$2001,(Metrics!$H$1-180+10))) -> 0 | H11: =IF((Metrics!$H$1-180+10)<1,"",INDEX(Calc_Daily!$J$2:$J$2001,(Metrics!$H$1-180+10))) -> 0 | I11: =IF((Metrics!$H$1-180+10)<1,"",INDEX(Calc_Daily!$K$2:$K$2001,(Metrics!$H$1-180+10))) -> 0 | J11: =IF((Metrics!$H$1-180+10)<1,"",INDEX(Calc_Daily!$N$2:$N$2001,(Metrics!$H$1-180+10))) -> 0 | K11: =IF((Metrics!$H$1-180+10)<1,"",70) -> 0 | L11: =IF((Metrics!$H$1-180+10)<1,"",30) -> 0 | M11: =IF((Metrics!$H$1-180+10)<1,"",INDEX(Calc_Daily!$Q$2:$Q$2001,(Metrics!$H$1-180+10))) -> 0 | N11: =IF((Metrics!$H$1-180+10)<1,"",INDEX(Calc_Daily!$R$2:$R$2001,(Metrics!$H$1-180+10))) -> 0 | O11: =IF((Metrics!$H$1-180+10)<1,"",INDEX(Calc_Daily!$S$2:$S$2001,(Metrics!$H$1-180+10))) -> 0 | P11: =IF((Metrics!$H$1-180+10)<1,"",INDEX(Calc_Daily!$AM$2:$AM$2001,(Metrics!$H$1-180+10))) -> 0 | Q11: =IF((Metrics!$H$1-180+10)<1,"",INDEX(Calc_Daily!$AK$2:$AK$2001,(Metrics!$H$1-180+10))) -> 0 | R11: =IF((Metrics!$H$1-180+10)<1,"",INDEX(Calc_Daily!$AN$2:$AN$2001,(Metrics!$H$1-180+10))) -> 0 | S11: =IF((Metrics!$H$1-180+10)<1,"",INDEX(Calc_Daily!$AD$2:$AD$2001,(Metrics!$H$1-180+10))) -> 0 | T11: =IF((Metrics!$H$1-180+10)<1,"",INDEX(Calc_Daily!$AT$2:$AT$2001,(Metrics!$H$1-180+10))) -> 0 | U11: =IF((Metrics!$H$1-180+10)<1,"",INDEX(Calc_Daily!$AQ$2:$AQ$2001,(Metrics!$H$1-180+10))) -> 0 | V11: =IF((Metrics!$H$1-180+10)<1,"",INDEX(Calc_Daily!$AR$2:$AR$2001,(Metrics!$H$1-180+10))) -> 0
A12: =IF((Metrics!$H$1-180+11)<1,"",INDEX(Calc_Daily!$A$2:$A$2001,(Metrics!$H$1-180+11))) -> 0 | B12: =IF((Metrics!$H$1-180+11)<1,"",INDEX(Calc_Daily!$B$2:$B$2001,(Metrics!$H$1-180+11))) -> 0 | C12: =IF((Metrics!$H$1-180+11)<1,"",INDEX(Calc_Daily!$C$2:$C$2001,(Metrics!$H$1-180+11))) -> 0 | D12: =IF((Metrics!$H$1-180+11)<1,"",INDEX(Calc_Daily!$D$2:$D$2001,(Metrics!$H$1-180+11))) -> 0 | E12: =IF((Metrics!$H$1-180+11)<1,"",INDEX(Calc_Daily!$E$2:$E$2001,(Metrics!$H$1-180+11))) -> 0 | F12: =IF((Metrics!$H$1-180+11)<1,"",INDEX(Calc_Daily!$H$2:$H$2001,(Metrics!$H$1-180+11))) -> 0 | G12: =IF((Metrics!$H$1-180+11)<1,"",INDEX(Calc_Daily!$I$2:$I$2001,(Metrics!$H$1-180+11))) -> 0 | H12: =IF((Metrics!$H$1-180+11)<1,"",INDEX(Calc_Daily!$J$2:$J$2001,(Metrics!$H$1-180+11))) -> 0 | I12: =IF((Metrics!$H$1-180+11)<1,"",INDEX(Calc_Daily!$K$2:$K$2001,(Metrics!$H$1-180+11))) -> 0 | J12: =IF((Metrics!$H$1-180+11)<1,"",INDEX(Calc_Daily!$N$2:$N$2001,(Metrics!$H$1-180+11))) -> 0 | K12: =IF((Metrics!$H$1-180+11)<1,"",70) -> 0 | L12: =IF((Metrics!$H$1-180+11)<1,"",30) -> 0 | M12: =IF((Metrics!$H$1-180+11)<1,"",INDEX(Calc_Daily!$Q$2:$Q$2001,(Metrics!$H$1-180+11))) -> 0 | N12: =IF((Metrics!$H$1-180+11)<1,"",INDEX(Calc_Daily!$R$2:$R$2001,(Metrics!$H$1-180+11))) -> 0 | O12: =IF((Metrics!$H$1-180+11)<1,"",INDEX(Calc_Daily!$S$2:$S$2001,(Metrics!$H$1-180+11))) -> 0 | P12: =IF((Metrics!$H$1-180+11)<1,"",INDEX(Calc_Daily!$AM$2:$AM$2001,(Metrics!$H$1-180+11))) -> 0 | Q12: =IF((Metrics!$H$1-180+11)<1,"",INDEX(Calc_Daily!$AK$2:$AK$2001,(Metrics!$H$1-180+11))) -> 0 | R12: =IF((Metrics!$H$1-180+11)<1,"",INDEX(Calc_Daily!$AN$2:$AN$2001,(Metrics!$H$1-180+11))) -> 0 | S12: =IF((Metrics!$H$1-180+11)<1,"",INDEX(Calc_Daily!$AD$2:$AD$2001,(Metrics!$H$1-180+11))) -> 0 | T12: =IF((Metrics!$H$1-180+11)<1,"",INDEX(Calc_Daily!$AT$2:$AT$2001,(Metrics!$H$1-180+11))) -> 0 | U12: =IF((Metrics!$H$1-180+11)<1,"",INDEX(Calc_Daily!$AQ$2:$AQ$2001,(Metrics!$H$1-180+11))) -> 0 | V12: =IF((Metrics!$H$1-180+11)<1,"",INDEX(Calc_Daily!$AR$2:$AR$2001,(Metrics!$H$1-180+11))) -> 0
A13: =IF((Metrics!$H$1-180+12)<1,"",INDEX(Calc_Daily!$A$2:$A$2001,(Metrics!$H$1-180+12))) -> 0 | B13: =IF((Metrics!$H$1-180+12)<1,"",INDEX(Calc_Daily!$B$2:$B$2001,(Metrics!$H$1-180+12))) -> 0 | C13: =IF((Metrics!$H$1-180+12)<1,"",INDEX(Calc_Daily!$C$2:$C$2001,(Metrics!$H$1-180+12))) -> 0 | D13: =IF((Metrics!$H$1-180+12)<1,"",INDEX(Calc_Daily!$D$2:$D$2001,(Metrics!$H$1-180+12))) -> 0 | E13: =IF((Metrics!$H$1-180+12)<1,"",INDEX(Calc_Daily!$E$2:$E$2001,(Metrics!$H$1-180+12))) -> 0 | F13: =IF((Metrics!$H$1-180+12)<1,"",INDEX(Calc_Daily!$H$2:$H$2001,(Metrics!$H$1-180+12))) -> 0 | G13: =IF((Metrics!$H$1-180+12)<1,"",INDEX(Calc_Daily!$I$2:$I$2001,(Metrics!$H$1-180+12))) -> 0 | H13: =IF((Metrics!$H$1-180+12)<1,"",INDEX(Calc_Daily!$J$2:$J$2001,(Metrics!$H$1-180+12))) -> 0 | I13: =IF((Metrics!$H$1-180+12)<1,"",INDEX(Calc_Daily!$K$2:$K$2001,(Metrics!$H$1-180+12))) -> 0 | J13: =IF((Metrics!$H$1-180+12)<1,"",INDEX(Calc_Daily!$N$2:$N$2001,(Metrics!$H$1-180+12))) -> 0 | K13: =IF((Metrics!$H$1-180+12)<1,"",70) -> 0 | L13: =IF((Metrics!$H$1-180+12)<1,"",30) -> 0 | M13: =IF((Metrics!$H$1-180+12)<1,"",INDEX(Calc_Daily!$Q$2:$Q$2001,(Metrics!$H$1-180+12))) -> 0 | N13: =IF((Metrics!$H$1-180+12)<1,"",INDEX(Calc_Daily!$R$2:$R$2001,(Metrics!$H$1-180+12))) -> 0 | O13: =IF((Metrics!$H$1-180+12)<1,"",INDEX(Calc_Daily!$S$2:$S$2001,(Metrics!$H$1-180+12))) -> 0 | P13: =IF((Metrics!$H$1-180+12)<1,"",INDEX(Calc_Daily!$AM$2:$AM$2001,(Metrics!$H$1-180+12))) -> 0 | Q13: =IF((Metrics!$H$1-180+12)<1,"",INDEX(Calc_Daily!$AK$2:$AK$2001,(Metrics!$H$1-180+12))) -> 0 | R13: =IF((Metrics!$H$1-180+12)<1,"",INDEX(Calc_Daily!$AN$2:$AN$2001,(Metrics!$H$1-180+12))) -> 0 | S13: =IF((Metrics!$H$1-180+12)<1,"",INDEX(Calc_Daily!$AD$2:$AD$2001,(Metrics!$H$1-180+12))) -> 0 | T13: =IF((Metrics!$H$1-180+12)<1,"",INDEX(Calc_Daily!$AT$2:$AT$2001,(Metrics!$H$1-180+12))) -> 0 | U13: =IF((Metrics!$H$1-180+12)<1,"",INDEX(Calc_Daily!$AQ$2:$AQ$2001,(Metrics!$H$1-180+12))) -> 0 | V13: =IF((Metrics!$H$1-180+12)<1,"",INDEX(Calc_Daily!$AR$2:$AR$2001,(Metrics!$H$1-180+12))) -> 0
A14: =IF((Metrics!$H$1-180+13)<1,"",INDEX(Calc_Daily!$A$2:$A$2001,(Metrics!$H$1-180+13))) -> 0 | B14: =IF((Metrics!$H$1-180+13)<1,"",INDEX(Calc_Daily!$B$2:$B$2001,(Metrics!$H$1-180+13))) -> 0 | C14: =IF((Metrics!$H$1-180+13)<1,"",INDEX(Calc_Daily!$C$2:$C$2001,(Metrics!$H$1-180+13))) -> 0 | D14: =IF((Metrics!$H$1-180+13)<1,"",INDEX(Calc_Daily!$D$2:$D$2001,(Metrics!$H$1-180+13))) -> 0 | E14: =IF((Metrics!$H$1-180+13)<1,"",INDEX(Calc_Daily!$E$2:$E$2001,(Metrics!$H$1-180+13))) -> 0 | F14: =IF((Metrics!$H$1-180+13)<1,"",INDEX(Calc_Daily!$H$2:$H$2001,(Metrics!$H$1-180+13))) -> 0 | G14: =IF((Metrics!$H$1-180+13)<1,"",INDEX(Calc_Daily!$I$2:$I$2001,(Metrics!$H$1-180+13))) -> 0 | H14: =IF((Metrics!$H$1-180+13)<1,"",INDEX(Calc_Daily!$J$2:$J$2001,(Metrics!$H$1-180+13))) -> 0 | I14: =IF((Metrics!$H$1-180+13)<1,"",INDEX(Calc_Daily!$K$2:$K$2001,(Metrics!$H$1-180+13))) -> 0 | J14: =IF((Metrics!$H$1-180+13)<1,"",INDEX(Calc_Daily!$N$2:$N$2001,(Metrics!$H$1-180+13))) -> 0 | K14: =IF((Metrics!$H$1-180+13)<1,"",70) -> 0 | L14: =IF((Metrics!$H$1-180+13)<1,"",30) -> 0 | M14: =IF((Metrics!$H$1-180+13)<1,"",INDEX(Calc_Daily!$Q$2:$Q$2001,(Metrics!$H$1-180+13))) -> 0 | N14: =IF((Metrics!$H$1-180+13)<1,"",INDEX(Calc_Daily!$R$2:$R$2001,(Metrics!$H$1-180+13))) -> 0 | O14: =IF((Metrics!$H$1-180+13)<1,"",INDEX(Calc_Daily!$S$2:$S$2001,(Metrics!$H$1-180+13))) -> 0 | P14: =IF((Metrics!$H$1-180+13)<1,"",INDEX(Calc_Daily!$AM$2:$AM$2001,(Metrics!$H$1-180+13))) -> 0 | Q14: =IF((Metrics!$H$1-180+13)<1,"",INDEX(Calc_Daily!$AK$2:$AK$2001,(Metrics!$H$1-180+13))) -> 0 | R14: =IF((Metrics!$H$1-180+13)<1,"",INDEX(Calc_Daily!$AN$2:$AN$2001,(Metrics!$H$1-180+13))) -> 0 | S14: =IF((Metrics!$H$1-180+13)<1,"",INDEX(Calc_Daily!$AD$2:$AD$2001,(Metrics!$H$1-180+13))) -> 0 | T14: =IF((Metrics!$H$1-180+13)<1,"",INDEX(Calc_Daily!$AT$2:$AT$2001,(Metrics!$H$1-180+13))) -> 0 | U14: =IF((Metrics!$H$1-180+13)<1,"",INDEX(Calc_Daily!$AQ$2:$AQ$2001,(Metrics!$H$1-180+13))) -> 0 | V14: =IF((Metrics!$H$1-180+13)<1,"",INDEX(Calc_Daily!$AR$2:$AR$2001,(Metrics!$H$1-180+13))) -> 0
A15: =IF((Metrics!$H$1-180+14)<1,"",INDEX(Calc_Daily!$A$2:$A$2001,(Metrics!$H$1-180+14))) -> 0 | B15: =IF((Metrics!$H$1-180+14)<1,"",INDEX(Calc_Daily!$B$2:$B$2001,(Metrics!$H$1-180+14))) -> 0 | C15: =IF((Metrics!$H$1-180+14)<1,"",INDEX(Calc_Daily!$C$2:$C$2001,(Metrics!$H$1-180+14))) -> 0 | D15: =IF((Metrics!$H$1-180+14)<1,"",INDEX(Calc_Daily!$D$2:$D$2001,(Metrics!$H$1-180+14))) -> 0 | E15: =IF((Metrics!$H$1-180+14)<1,"",INDEX(Calc_Daily!$E$2:$E$2001,(Metrics!$H$1-180+14))) -> 0 | F15: =IF((Metrics!$H$1-180+14)<1,"",INDEX(Calc_Daily!$H$2:$H$2001,(Metrics!$H$1-180+14))) -> 0 | G15: =IF((Metrics!$H$1-180+14)<1,"",INDEX(Calc_Daily!$I$2:$I$2001,(Metrics!$H$1-180+14))) -> 0 | H15: =IF((Metrics!$H$1-180+14)<1,"",INDEX(Calc_Daily!$J$2:$J$2001,(Metrics!$H$1-180+14))) -> 0 | I15: =IF((Metrics!$H$1-180+14)<1,"",INDEX(Calc_Daily!$K$2:$K$2001,(Metrics!$H$1-180+14))) -> 0 | J15: =IF((Metrics!$H$1-180+14)<1,"",INDEX(Calc_Daily!$N$2:$N$2001,(Metrics!$H$1-180+14))) -> 0 | K15: =IF((Metrics!$H$1-180+14)<1,"",70) -> 0 | L15: =IF((Metrics!$H$1-180+14)<1,"",30) -> 0 | M15: =IF((Metrics!$H$1-180+14)<1,"",INDEX(Calc_Daily!$Q$2:$Q$2001,(Metrics!$H$1-180+14))) -> 0 | N15: =IF((Metrics!$H$1-180+14)<1,"",INDEX(Calc_Daily!$R$2:$R$2001,(Metrics!$H$1-180+14))) -> 0 | O15: =IF((Metrics!$H$1-180+14)<1,"",INDEX(Calc_Daily!$S$2:$S$2001,(Metrics!$H$1-180+14))) -> 0 | P15: =IF((Metrics!$H$1-180+14)<1,"",INDEX(Calc_Daily!$AM$2:$AM$2001,(Metrics!$H$1-180+14))) -> 0 | Q15: =IF((Metrics!$H$1-180+14)<1,"",INDEX(Calc_Daily!$AK$2:$AK$2001,(Metrics!$H$1-180+14))) -> 0 | R15: =IF((Metrics!$H$1-180+14)<1,"",INDEX(Calc_Daily!$AN$2:$AN$2001,(Metrics!$H$1-180+14))) -> 0 | S15: =IF((Metrics!$H$1-180+14)<1,"",INDEX(Calc_Daily!$AD$2:$AD$2001,(Metrics!$H$1-180+14))) -> 0 | T15: =IF((Metrics!$H$1-180+14)<1,"",INDEX(Calc_Daily!$AT$2:$AT$2001,(Metrics!$H$1-180+14))) -> 0 | U15: =IF((Metrics!$H$1-180+14)<1,"",INDEX(Calc_Daily!$AQ$2:$AQ$2001,(Metrics!$H$1-180+14))) -> 0 | V15: =IF((Metrics!$H$1-180+14)<1,"",INDEX(Calc_Daily!$AR$2:$AR$2001,(Metrics!$H$1-180+14))) -> 0
A16: =IF((Metrics!$H$1-180+15)<1,"",INDEX(Calc_Daily!$A$2:$A$2001,(Metrics!$H$1-180+15))) -> 0 | B16: =IF((Metrics!$H$1-180+15)<1,"",INDEX(Calc_Daily!$B$2:$B$2001,(Metrics!$H$1-180+15))) -> 0 | C16: =IF((Metrics!$H$1-180+15)<1,"",INDEX(Calc_Daily!$C$2:$C$2001,(Metrics!$H$1-180+15))) -> 0 | D16: =IF((Metrics!$H$1-180+15)<1,"",INDEX(Calc_Daily!$D$2:$D$2001,(Metrics!$H$1-180+15))) -> 0 | E16: =IF((Metrics!$H$1-180+15)<1,"",INDEX(Calc_Daily!$E$2:$E$2001,(Metrics!$H$1-180+15))) -> 0 | F16: =IF((Metrics!$H$1-180+15)<1,"",INDEX(Calc_Daily!$H$2:$H$2001,(Metrics!$H$1-180+15))) -> 0 | G16: =IF((Metrics!$H$1-180+15)<1,"",INDEX(Calc_Daily!$I$2:$I$2001,(Metrics!$H$1-180+15))) -> 0 | H16: =IF((Metrics!$H$1-180+15)<1,"",INDEX(Calc_Daily!$J$2:$J$2001,(Metrics!$H$1-180+15))) -> 0 | I16: =IF((Metrics!$H$1-180+15)<1,"",INDEX(Calc_Daily!$K$2:$K$2001,(Metrics!$H$1-180+15))) -> 0 | J16: =IF((Metrics!$H$1-180+15)<1,"",INDEX(Calc_Daily!$N$2:$N$2001,(Metrics!$H$1-180+15))) -> 0 | K16: =IF((Metrics!$H$1-180+15)<1,"",70) -> 0 | L16: =IF((Metrics!$H$1-180+15)<1,"",30) -> 0 | M16: =IF((Metrics!$H$1-180+15)<1,"",INDEX(Calc_Daily!$Q$2:$Q$2001,(Metrics!$H$1-180+15))) -> 0 | N16: =IF((Metrics!$H$1-180+15)<1,"",INDEX(Calc_Daily!$R$2:$R$2001,(Metrics!$H$1-180+15))) -> 0 | O16: =IF((Metrics!$H$1-180+15)<1,"",INDEX(Calc_Daily!$S$2:$S$2001,(Metrics!$H$1-180+15))) -> 0 | P16: =IF((Metrics!$H$1-180+15)<1,"",INDEX(Calc_Daily!$AM$2:$AM$2001,(Metrics!$H$1-180+15))) -> 0 | Q16: =IF((Metrics!$H$1-180+15)<1,"",INDEX(Calc_Daily!$AK$2:$AK$2001,(Metrics!$H$1-180+15))) -> 0 | R16: =IF((Metrics!$H$1-180+15)<1,"",INDEX(Calc_Daily!$AN$2:$AN$2001,(Metrics!$H$1-180+15))) -> 0 | S16: =IF((Metrics!$H$1-180+15)<1,"",INDEX(Calc_Daily!$AD$2:$AD$2001,(Metrics!$H$1-180+15))) -> 0 | T16: =IF((Metrics!$H$1-180+15)<1,"",INDEX(Calc_Daily!$AT$2:$AT$2001,(Metrics!$H$1-180+15))) -> 0 | U16: =IF((Metrics!$H$1-180+15)<1,"",INDEX(Calc_Daily!$AQ$2:$AQ$2001,(Metrics!$H$1-180+15))) -> 0 | V16: =IF((Metrics!$H$1-180+15)<1,"",INDEX(Calc_Daily!$AR$2:$AR$2001,(Metrics!$H$1-180+15))) -> 0
A17: =IF((Metrics!$H$1-180+16)<1,"",INDEX(Calc_Daily!$A$2:$A$2001,(Metrics!$H$1-180+16))) -> 0 | B17: =IF((Metrics!$H$1-180+16)<1,"",INDEX(Calc_Daily!$B$2:$B$2001,(Metrics!$H$1-180+16))) -> 0 | C17: =IF((Metrics!$H$1-180+16)<1,"",INDEX(Calc_Daily!$C$2:$C$2001,(Metrics!$H$1-180+16))) -> 0 | D17: =IF((Metrics!$H$1-180+16)<1,"",INDEX(Calc_Daily!$D$2:$D$2001,(Metrics!$H$1-180+16))) -> 0 | E17: =IF((Metrics!$H$1-180+16)<1,"",INDEX(Calc_Daily!$E$2:$E$2001,(Metrics!$H$1-180+16))) -> 0 | F17: =IF((Metrics!$H$1-180+16)<1,"",INDEX(Calc_Daily!$H$2:$H$2001,(Metrics!$H$1-180+16))) -> 0 | G17: =IF((Metrics!$H$1-180+16)<1,"",INDEX(Calc_Daily!$I$2:$I$2001,(Metrics!$H$1-180+16))) -> 0 | H17: =IF((Metrics!$H$1-180+16)<1,"",INDEX(Calc_Daily!$J$2:$J$2001,(Metrics!$H$1-180+16))) -> 0 | I17: =IF((Metrics!$H$1-180+16)<1,"",INDEX(Calc_Daily!$K$2:$K$2001,(Metrics!$H$1-180+16))) -> 0 | J17: =IF((Metrics!$H$1-180+16)<1,"",INDEX(Calc_Daily!$N$2:$N$2001,(Metrics!$H$1-180+16))) -> 0 | K17: =IF((Metrics!$H$1-180+16)<1,"",70) -> 0 | L17: =IF((Metrics!$H$1-180+16)<1,"",30) -> 0 | M17: =IF((Metrics!$H$1-180+16)<1,"",INDEX(Calc_Daily!$Q$2:$Q$2001,(Metrics!$H$1-180+16))) -> 0 | N17: =IF((Metrics!$H$1-180+16)<1,"",INDEX(Calc_Daily!$R$2:$R$2001,(Metrics!$H$1-180+16))) -> 0 | O17: =IF((Metrics!$H$1-180+16)<1,"",INDEX(Calc_Daily!$S$2:$S$2001,(Metrics!$H$1-180+16))) -> 0 | P17: =IF((Metrics!$H$1-180+16)<1,"",INDEX(Calc_Daily!$AM$2:$AM$2001,(Metrics!$H$1-180+16))) -> 0 | Q17: =IF((Metrics!$H$1-180+16)<1,"",INDEX(Calc_Daily!$AK$2:$AK$2001,(Metrics!$H$1-180+16))) -> 0 | R17: =IF((Metrics!$H$1-180+16)<1,"",INDEX(Calc_Daily!$AN$2:$AN$2001,(Metrics!$H$1-180+16))) -> 0 | S17: =IF((Metrics!$H$1-180+16)<1,"",INDEX(Calc_Daily!$AD$2:$AD$2001,(Metrics!$H$1-180+16))) -> 0 | T17: =IF((Metrics!$H$1-180+16)<1,"",INDEX(Calc_Daily!$AT$2:$AT$2001,(Metrics!$H$1-180+16))) -> 0 | U17: =IF((Metrics!$H$1-180+16)<1,"",INDEX(Calc_Daily!$AQ$2:$AQ$2001,(Metrics!$H$1-180+16))) -> 0 | V17: =IF((Metrics!$H$1-180+16)<1,"",INDEX(Calc_Daily!$AR$2:$AR$2001,(Metrics!$H$1-180+16))) -> 0
A18: =IF((Metrics!$H$1-180+17)<1,"",INDEX(Calc_Daily!$A$2:$A$2001,(Metrics!$H$1-180+17))) -> 0 | B18: =IF((Metrics!$H$1-180+17)<1,"",INDEX(Calc_Daily!$B$2:$B$2001,(Metrics!$H$1-180+17))) -> 0 | C18: =IF((Metrics!$H$1-180+17)<1,"",INDEX(Calc_Daily!$C$2:$C$2001,(Metrics!$H$1-180+17))) -> 0 | D18: =IF((Metrics!$H$1-180+17)<1,"",INDEX(Calc_Daily!$D$2:$D$2001,(Metrics!$H$1-180+17))) -> 0 | E18: =IF((Metrics!$H$1-180+17)<1,"",INDEX(Calc_Daily!$E$2:$E$2001,(Metrics!$H$1-180+17))) -> 0 | F18: =IF((Metrics!$H$1-180+17)<1,"",INDEX(Calc_Daily!$H$2:$H$2001,(Metrics!$H$1-180+17))) -> 0 | G18: =IF((Metrics!$H$1-180+17)<1,"",INDEX(Calc_Daily!$I$2:$I$2001,(Metrics!$H$1-180+17))) -> 0 | H18: =IF((Metrics!$H$1-180+17)<1,"",INDEX(Calc_Daily!$J$2:$J$2001,(Metrics!$H$1-180+17))) -> 0 | I18: =IF((Metrics!$H$1-180+17)<1,"",INDEX(Calc_Daily!$K$2:$K$2001,(Metrics!$H$1-180+17))) -> 0 | J18: =IF((Metrics!$H$1-180+17)<1,"",INDEX(Calc_Daily!$N$2:$N$2001,(Metrics!$H$1-180+17))) -> 0 | K18: =IF((Metrics!$H$1-180+17)<1,"",70) -> 0 | L18: =IF((Metrics!$H$1-180+17)<1,"",30) -> 0 | M18: =IF((Metrics!$H$1-180+17)<1,"",INDEX(Calc_Daily!$Q$2:$Q$2001,(Metrics!$H$1-180+17))) -> 0 | N18: =IF((Metrics!$H$1-180+17)<1,"",INDEX(Calc_Daily!$R$2:$R$2001,(Metrics!$H$1-180+17))) -> 0 | O18: =IF((Metrics!$H$1-180+17)<1,"",INDEX(Calc_Daily!$S$2:$S$2001,(Metrics!$H$1-180+17))) -> 0 | P18: =IF((Metrics!$H$1-180+17)<1,"",INDEX(Calc_Daily!$AM$2:$AM$2001,(Metrics!$H$1-180+17))) -> 0 | Q18: =IF((Metrics!$H$1-180+17)<1,"",INDEX(Calc_Daily!$AK$2:$AK$2001,(Metrics!$H$1-180+17))) -> 0 | R18: =IF((Metrics!$H$1-180+17)<1,"",INDEX(Calc_Daily!$AN$2:$AN$2001,(Metrics!$H$1-180+17))) -> 0 | S18: =IF((Metrics!$H$1-180+17)<1,"",INDEX(Calc_Daily!$AD$2:$AD$2001,(Metrics!$H$1-180+17))) -> 0 | T18: =IF((Metrics!$H$1-180+17)<1,"",INDEX(Calc_Daily!$AT$2:$AT$2001,(Metrics!$H$1-180+17))) -> 0 | U18: =IF((Metrics!$H$1-180+17)<1,"",INDEX(Calc_Daily!$AQ$2:$AQ$2001,(Metrics!$H$1-180+17))) -> 0 | V18: =IF((Metrics!$H$1-180+17)<1,"",INDEX(Calc_Daily!$AR$2:$AR$2001,(Metrics!$H$1-180+17))) -> 0
A19: =IF((Metrics!$H$1-180+18)<1,"",INDEX(Calc_Daily!$A$2:$A$2001,(Metrics!$H$1-180+18))) -> 0 | B19: =IF((Metrics!$H$1-180+18)<1,"",INDEX(Calc_Daily!$B$2:$B$2001,(Metrics!$H$1-180+18))) -> 0 | C19: =IF((Metrics!$H$1-180+18)<1,"",INDEX(Calc_Daily!$C$2:$C$2001,(Metrics!$H$1-180+18))) -> 0 | D19: =IF((Metrics!$H$1-180+18)<1,"",INDEX(Calc_Daily!$D$2:$D$2001,(Metrics!$H$1-180+18))) -> 0 | E19: =IF((Metrics!$H$1-180+18)<1,"",INDEX(Calc_Daily!$E$2:$E$2001,(Metrics!$H$1-180+18))) -> 0 | F19: =IF((Metrics!$H$1-180+18)<1,"",INDEX(Calc_Daily!$H$2:$H$2001,(Metrics!$H$1-180+18))) -> 0 | G19: =IF((Metrics!$H$1-180+18)<1,"",INDEX(Calc_Daily!$I$2:$I$2001,(Metrics!$H$1-180+18))) -> 0 | H19: =IF((Metrics!$H$1-180+18)<1,"",INDEX(Calc_Daily!$J$2:$J$2001,(Metrics!$H$1-180+18))) -> 0 | I19: =IF((Metrics!$H$1-180+18)<1,"",INDEX(Calc_Daily!$K$2:$K$2001,(Metrics!$H$1-180+18))) -> 0 | J19: =IF((Metrics!$H$1-180+18)<1,"",INDEX(Calc_Daily!$N$2:$N$2001,(Metrics!$H$1-180+18))) -> 0 | K19: =IF((Metrics!$H$1-180+18)<1,"",70) -> 0 | L19: =IF((Metrics!$H$1-180+18)<1,"",30) -> 0 | M19: =IF((Metrics!$H$1-180+18)<1,"",INDEX(Calc_Daily!$Q$2:$Q$2001,(Metrics!$H$1-180+18))) -> 0 | N19: =IF((Metrics!$H$1-180+18)<1,"",INDEX(Calc_Daily!$R$2:$R$2001,(Metrics!$H$1-180+18))) -> 0 | O19: =IF((Metrics!$H$1-180+18)<1,"",INDEX(Calc_Daily!$S$2:$S$2001,(Metrics!$H$1-180+18))) -> 0 | P19: =IF((Metrics!$H$1-180+18)<1,"",INDEX(Calc_Daily!$AM$2:$AM$2001,(Metrics!$H$1-180+18))) -> 0 | Q19: =IF((Metrics!$H$1-180+18)<1,"",INDEX(Calc_Daily!$AK$2:$AK$2001,(Metrics!$H$1-180+18))) -> 0 | R19: =IF((Metrics!$H$1-180+18)<1,"",INDEX(Calc_Daily!$AN$2:$AN$2001,(Metrics!$H$1-180+18))) -> 0 | S19: =IF((Metrics!$H$1-180+18)<1,"",INDEX(Calc_Daily!$AD$2:$AD$2001,(Metrics!$H$1-180+18))) -> 0 | T19: =IF((Metrics!$H$1-180+18)<1,"",INDEX(Calc_Daily!$AT$2:$AT$2001,(Metrics!$H$1-180+18))) -> 0 | U19: =IF((Metrics!$H$1-180+18)<1,"",INDEX(Calc_Daily!$AQ$2:$AQ$2001,(Metrics!$H$1-180+18))) -> 0 | V19: =IF((Metrics!$H$1-180+18)<1,"",INDEX(Calc_Daily!$AR$2:$AR$2001,(Metrics!$H$1-180+18))) -> 0
A20: =IF((Metrics!$H$1-180+19)<1,"",INDEX(Calc_Daily!$A$2:$A$2001,(Metrics!$H$1-180+19))) -> 0 | B20: =IF((Metrics!$H$1-180+19)<1,"",INDEX(Calc_Daily!$B$2:$B$2001,(Metrics!$H$1-180+19))) -> 0 | C20: =IF((Metrics!$H$1-180+19)<1,"",INDEX(Calc_Daily!$C$2:$C$2001,(Metrics!$H$1-180+19))) -> 0 | D20: =IF((Metrics!$H$1-180+19)<1,"",INDEX(Calc_Daily!$D$2:$D$2001,(Metrics!$H$1-180+19))) -> 0 | E20: =IF((Metrics!$H$1-180+19)<1,"",INDEX(Calc_Daily!$E$2:$E$2001,(Metrics!$H$1-180+19))) -> 0 | F20: =IF((Metrics!$H$1-180+19)<1,"",INDEX(Calc_Daily!$H$2:$H$2001,(Metrics!$H$1-180+19))) -> 0 | G20: =IF((Metrics!$H$1-180+19)<1,"",INDEX(Calc_Daily!$I$2:$I$2001,(Metrics!$H$1-180+19))) -> 0 | H20: =IF((Metrics!$H$1-180+19)<1,"",INDEX(Calc_Daily!$J$2:$J$2001,(Metrics!$H$1-180+19))) -> 0 | I20: =IF((Metrics!$H$1-180+19)<1,"",INDEX(Calc_Daily!$K$2:$K$2001,(Metrics!$H$1-180+19))) -> 0 | J20: =IF((Metrics!$H$1-180+19)<1,"",INDEX(Calc_Daily!$N$2:$N$2001,(Metrics!$H$1-180+19))) -> 0 | K20: =IF((Metrics!$H$1-180+19)<1,"",70) -> 0 | L20: =IF((Metrics!$H$1-180+19)<1,"",30) -> 0 | M20: =IF((Metrics!$H$1-180+19)<1,"",INDEX(Calc_Daily!$Q$2:$Q$2001,(Metrics!$H$1-180+19))) -> 0 | N20: =IF((Metrics!$H$1-180+19)<1,"",INDEX(Calc_Daily!$R$2:$R$2001,(Metrics!$H$1-180+19))) -> 0 | O20: =IF((Metrics!$H$1-180+19)<1,"",INDEX(Calc_Daily!$S$2:$S$2001,(Metrics!$H$1-180+19))) -> 0 | P20: =IF((Metrics!$H$1-180+19)<1,"",INDEX(Calc_Daily!$AM$2:$AM$2001,(Metrics!$H$1-180+19))) -> 0 | Q20: =IF((Metrics!$H$1-180+19)<1,"",INDEX(Calc_Daily!$AK$2:$AK$2001,(Metrics!$H$1-180+19))) -> 0 | R20: =IF((Metrics!$H$1-180+19)<1,"",INDEX(Calc_Daily!$AN$2:$AN$2001,(Metrics!$H$1-180+19))) -> 0 | S20: =IF((Metrics!$H$1-180+19)<1,"",INDEX(Calc_Daily!$AD$2:$AD$2001,(Metrics!$H$1-180+19))) -> 0 | T20: =IF((Metrics!$H$1-180+19)<1,"",INDEX(Calc_Daily!$AT$2:$AT$2001,(Metrics!$H$1-180+19))) -> 0 | U20: =IF((Metrics!$H$1-180+19)<1,"",INDEX(Calc_Daily!$AQ$2:$AQ$2001,(Metrics!$H$1-180+19))) -> 0 | V20: =IF((Metrics!$H$1-180+19)<1,"",INDEX(Calc_Daily!$AR$2:$AR$2001,(Metrics!$H$1-180+19))) -> 0
A21: =IF((Metrics!$H$1-180+20)<1,"",INDEX(Calc_Daily!$A$2:$A$2001,(Metrics!$H$1-180+20))) -> 0 | B21: =IF((Metrics!$H$1-180+20)<1,"",INDEX(Calc_Daily!$B$2:$B$2001,(Metrics!$H$1-180+20))) -> 0 | C21: =IF((Metrics!$H$1-180+20)<1,"",INDEX(Calc_Daily!$C$2:$C$2001,(Metrics!$H$1-180+20))) -> 0 | D21: =IF((Metrics!$H$1-180+20)<1,"",INDEX(Calc_Daily!$D$2:$D$2001,(Metrics!$H$1-180+20))) -> 0 | E21: =IF((Metrics!$H$1-180+20)<1,"",INDEX(Calc_Daily!$E$2:$E$2001,(Metrics!$H$1-180+20))) -> 0 | F21: =IF((Metrics!$H$1-180+20)<1,"",INDEX(Calc_Daily!$H$2:$H$2001,(Metrics!$H$1-180+20))) -> 0 | G21: =IF((Metrics!$H$1-180+20)<1,"",INDEX(Calc_Daily!$I$2:$I$2001,(Metrics!$H$1-180+20))) -> 0 | H21: =IF((Metrics!$H$1-180+20)<1,"",INDEX(Calc_Daily!$J$2:$J$2001,(Metrics!$H$1-180+20))) -> 0 | I21: =IF((Metrics!$H$1-180+20)<1,"",INDEX(Calc_Daily!$K$2:$K$2001,(Metrics!$H$1-180+20))) -> 0 | J21: =IF((Metrics!$H$1-180+20)<1,"",INDEX(Calc_Daily!$N$2:$N$2001,(Metrics!$H$1-180+20))) -> 0 | K21: =IF((Metrics!$H$1-180+20)<1,"",70) -> 0 | L21: =IF((Metrics!$H$1-180+20)<1,"",30) -> 0 | M21: =IF((Metrics!$H$1-180+20)<1,"",INDEX(Calc_Daily!$Q$2:$Q$2001,(Metrics!$H$1-180+20))) -> 0 | N21: =IF((Metrics!$H$1-180+20)<1,"",INDEX(Calc_Daily!$R$2:$R$2001,(Metrics!$H$1-180+20))) -> 0 | O21: =IF((Metrics!$H$1-180+20)<1,"",INDEX(Calc_Daily!$S$2:$S$2001,(Metrics!$H$1-180+20))) -> 0 | P21: =IF((Metrics!$H$1-180+20)<1,"",INDEX(Calc_Daily!$AM$2:$AM$2001,(Metrics!$H$1-180+20))) -> 0 | Q21: =IF((Metrics!$H$1-180+20)<1,"",INDEX(Calc_Daily!$AK$2:$AK$2001,(Metrics!$H$1-180+20))) -> 0 | R21: =IF((Metrics!$H$1-180+20)<1,"",INDEX(Calc_Daily!$AN$2:$AN$2001,(Metrics!$H$1-180+20))) -> 0 | S21: =IF((Metrics!$H$1-180+20)<1,"",INDEX(Calc_Daily!$AD$2:$AD$2001,(Metrics!$H$1-180+20))) -> 0 | T21: =IF((Metrics!$H$1-180+20)<1,"",INDEX(Calc_Daily!$AT$2:$AT$2001,(Metrics!$H$1-180+20))) -> 0 | U21: =IF((Metrics!$H$1-180+20)<1,"",INDEX(Calc_Daily!$AQ$2:$AQ$2001,(Metrics!$H$1-180+20))) -> 0 | V21: =IF((Metrics!$H$1-180+20)<1,"",INDEX(Calc_Daily!$AR$2:$AR$2001,(Metrics!$H$1-180+20))) -> 0
A22: =IF((Metrics!$H$1-180+21)<1,"",INDEX(Calc_Daily!$A$2:$A$2001,(Metrics!$H$1-180+21))) -> 0 | B22: =IF((Metrics!$H$1-180+21)<1,"",INDEX(Calc_Daily!$B$2:$B$2001,(Metrics!$H$1-180+21))) -> 0 | C22: =IF((Metrics!$H$1-180+21)<1,"",INDEX(Calc_Daily!$C$2:$C$2001,(Metrics!$H$1-180+21))) -> 0 | D22: =IF((Metrics!$H$1-180+21)<1,"",INDEX(Calc_Daily!$D$2:$D$2001,(Metrics!$H$1-180+21))) -> 0 | E22: =IF((Metrics!$H$1-180+21)<1,"",INDEX(Calc_Daily!$E$2:$E$2001,(Metrics!$H$1-180+21))) -> 0 | F22: =IF((Metrics!$H$1-180+21)<1,"",INDEX(Calc_Daily!$H$2:$H$2001,(Metrics!$H$1-180+21))) -> 0 | G22: =IF((Metrics!$H$1-180+21)<1,"",INDEX(Calc_Daily!$I$2:$I$2001,(Metrics!$H$1-180+21))) -> 0 | H22: =IF((Metrics!$H$1-180+21)<1,"",INDEX(Calc_Daily!$J$2:$J$2001,(Metrics!$H$1-180+21))) -> 0 | I22: =IF((Metrics!$H$1-180+21)<1,"",INDEX(Calc_Daily!$K$2:$K$2001,(Metrics!$H$1-180+21))) -> 0 | J22: =IF((Metrics!$H$1-180+21)<1,"",INDEX(Calc_Daily!$N$2:$N$2001,(Metrics!$H$1-180+21))) -> 0 | K22: =IF((Metrics!$H$1-180+21)<1,"",70) -> 0 | L22: =IF((Metrics!$H$1-180+21)<1,"",30) -> 0 | M22: =IF((Metrics!$H$1-180+21)<1,"",INDEX(Calc_Daily!$Q$2:$Q$2001,(Metrics!$H$1-180+21))) -> 0 | N22: =IF((Metrics!$H$1-180+21)<1,"",INDEX(Calc_Daily!$R$2:$R$2001,(Metrics!$H$1-180+21))) -> 0 | O22: =IF((Metrics!$H$1-180+21)<1,"",INDEX(Calc_Daily!$S$2:$S$2001,(Metrics!$H$1-180+21))) -> 0 | P22: =IF((Metrics!$H$1-180+21)<1,"",INDEX(Calc_Daily!$AM$2:$AM$2001,(Metrics!$H$1-180+21))) -> 0 | Q22: =IF((Metrics!$H$1-180+21)<1,"",INDEX(Calc_Daily!$AK$2:$AK$2001,(Metrics!$H$1-180+21))) -> 0 | R22: =IF((Metrics!$H$1-180+21)<1,"",INDEX(Calc_Daily!$AN$2:$AN$2001,(Metrics!$H$1-180+21))) -> 0 | S22: =IF((Metrics!$H$1-180+21)<1,"",INDEX(Calc_Daily!$AD$2:$AD$2001,(Metrics!$H$1-180+21))) -> 0 | T22: =IF((Metrics!$H$1-180+21)<1,"",INDEX(Calc_Daily!$AT$2:$AT$2001,(Metrics!$H$1-180+21))) -> 0 | U22: =IF((Metrics!$H$1-180+21)<1,"",INDEX(Calc_Daily!$AQ$2:$AQ$2001,(Metrics!$H$1-180+21))) -> 0 | V22: =IF((Metrics!$H$1-180+21)<1,"",INDEX(Calc_Daily!$AR$2:$AR$2001,(Metrics!$H$1-180+21))) -> 0
A23: =IF((Metrics!$H$1-180+22)<1,"",INDEX(Calc_Daily!$A$2:$A$2001,(Metrics!$H$1-180+22))) -> 0 | B23: =IF((Metrics!$H$1-180+22)<1,"",INDEX(Calc_Daily!$B$2:$B$2001,(Metrics!$H$1-180+22))) -> 0 | C23: =IF((Metrics!$H$1-180+22)<1,"",INDEX(Calc_Daily!$C$2:$C$2001,(Metrics!$H$1-180+22))) -> 0 | D23: =IF((Metrics!$H$1-180+22)<1,"",INDEX(Calc_Daily!$D$2:$D$2001,(Metrics!$H$1-180+22))) -> 0 | E23: =IF((Metrics!$H$1-180+22)<1,"",INDEX(Calc_Daily!$E$2:$E$2001,(Metrics!$H$1-180+22))) -> 0 | F23: =IF((Metrics!$H$1-180+22)<1,"",INDEX(Calc_Daily!$H$2:$H$2001,(Metrics!$H$1-180+22))) -> 0 | G23: =IF((Metrics!$H$1-180+22)<1,"",INDEX(Calc_Daily!$I$2:$I$2001,(Metrics!$H$1-180+22))) -> 0 | H23: =IF((Metrics!$H$1-180+22)<1,"",INDEX(Calc_Daily!$J$2:$J$2001,(Metrics!$H$1-180+22))) -> 0 | I23: =IF((Metrics!$H$1-180+22)<1,"",INDEX(Calc_Daily!$K$2:$K$2001,(Metrics!$H$1-180+22))) -> 0 | J23: =IF((Metrics!$H$1-180+22)<1,"",INDEX(Calc_Daily!$N$2:$N$2001,(Metrics!$H$1-180+22))) -> 0 | K23: =IF((Metrics!$H$1-180+22)<1,"",70) -> 0 | L23: =IF((Metrics!$H$1-180+22)<1,"",30) -> 0 | M23: =IF((Metrics!$H$1-180+22)<1,"",INDEX(Calc_Daily!$Q$2:$Q$2001,(Metrics!$H$1-180+22))) -> 0 | N23: =IF((Metrics!$H$1-180+22)<1,"",INDEX(Calc_Daily!$R$2:$R$2001,(Metrics!$H$1-180+22))) -> 0 | O23: =IF((Metrics!$H$1-180+22)<1,"",INDEX(Calc_Daily!$S$2:$S$2001,(Metrics!$H$1-180+22))) -> 0 | P23: =IF((Metrics!$H$1-180+22)<1,"",INDEX(Calc_Daily!$AM$2:$AM$2001,(Metrics!$H$1-180+22))) -> 0 | Q23: =IF((Metrics!$H$1-180+22)<1,"",INDEX(Calc_Daily!$AK$2:$AK$2001,(Metrics!$H$1-180+22))) -> 0 | R23: =IF((Metrics!$H$1-180+22)<1,"",INDEX(Calc_Daily!$AN$2:$AN$2001,(Metrics!$H$1-180+22))) -> 0 | S23: =IF((Metrics!$H$1-180+22)<1,"",INDEX(Calc_Daily!$AD$2:$AD$2001,(Metrics!$H$1-180+22))) -> 0 | T23: =IF((Metrics!$H$1-180+22)<1,"",INDEX(Calc_Daily!$AT$2:$AT$2001,(Metrics!$H$1-180+22))) -> 0 | U23: =IF((Metrics!$H$1-180+22)<1,"",INDEX(Calc_Daily!$AQ$2:$AQ$2001,(Metrics!$H$1-180+22))) -> 0 | V23: =IF((Metrics!$H$1-180+22)<1,"",INDEX(Calc_Daily!$AR$2:$AR$2001,(Metrics!$H$1-180+22))) -> 0
A24: =IF((Metrics!$H$1-180+23)<1,"",INDEX(Calc_Daily!$A$2:$A$2001,(Metrics!$H$1-180+23))) -> 0 | B24: =IF((Metrics!$H$1-180+23)<1,"",INDEX(Calc_Daily!$B$2:$B$2001,(Metrics!$H$1-180+23))) -> 0 | C24: =IF((Metrics!$H$1-180+23)<1,"",INDEX(Calc_Daily!$C$2:$C$2001,(Metrics!$H$1-180+23))) -> 0 | D24: =IF((Metrics!$H$1-180+23)<1,"",INDEX(Calc_Daily!$D$2:$D$2001,(Metrics!$H$1-180+23))) -> 0 | E24: =IF((Metrics!$H$1-180+23)<1,"",INDEX(Calc_Daily!$E$2:$E$2001,(Metrics!$H$1-180+23))) -> 0 | F24: =IF((Metrics!$H$1-180+23)<1,"",INDEX(Calc_Daily!$H$2:$H$2001,(Metrics!$H$1-180+23))) -> 0 | G24: =IF((Metrics!$H$1-180+23)<1,"",INDEX(Calc_Daily!$I$2:$I$2001,(Metrics!$H$1-180+23))) -> 0 | H24: =IF((Metrics!$H$1-180+23)<1,"",INDEX(Calc_Daily!$J$2:$J$2001,(Metrics!$H$1-180+23))) -> 0 | I24: =IF((Metrics!$H$1-180+23)<1,"",INDEX(Calc_Daily!$K$2:$K$2001,(Metrics!$H$1-180+23))) -> 0 | J24: =IF((Metrics!$H$1-180+23)<1,"",INDEX(Calc_Daily!$N$2:$N$2001,(Metrics!$H$1-180+23))) -> 0 | K24: =IF((Metrics!$H$1-180+23)<1,"",70) -> 0 | L24: =IF((Metrics!$H$1-180+23)<1,"",30) -> 0 | M24: =IF((Metrics!$H$1-180+23)<1,"",INDEX(Calc_Daily!$Q$2:$Q$2001,(Metrics!$H$1-180+23))) -> 0 | N24: =IF((Metrics!$H$1-180+23)<1,"",INDEX(Calc_Daily!$R$2:$R$2001,(Metrics!$H$1-180+23))) -> 0 | O24: =IF((Metrics!$H$1-180+23)<1,"",INDEX(Calc_Daily!$S$2:$S$2001,(Metrics!$H$1-180+23))) -> 0 | P24: =IF((Metrics!$H$1-180+23)<1,"",INDEX(Calc_Daily!$AM$2:$AM$2001,(Metrics!$H$1-180+23))) -> 0 | Q24: =IF((Metrics!$H$1-180+23)<1,"",INDEX(Calc_Daily!$AK$2:$AK$2001,(Metrics!$H$1-180+23))) -> 0 | R24: =IF((Metrics!$H$1-180+23)<1,"",INDEX(Calc_Daily!$AN$2:$AN$2001,(Metrics!$H$1-180+23))) -> 0 | S24: =IF((Metrics!$H$1-180+23)<1,"",INDEX(Calc_Daily!$AD$2:$AD$2001,(Metrics!$H$1-180+23))) -> 0 | T24: =IF((Metrics!$H$1-180+23)<1,"",INDEX(Calc_Daily!$AT$2:$AT$2001,(Metrics!$H$1-180+23))) -> 0 | U24: =IF((Metrics!$H$1-180+23)<1,"",INDEX(Calc_Daily!$AQ$2:$AQ$2001,(Metrics!$H$1-180+23))) -> 0 | V24: =IF((Metrics!$H$1-180+23)<1,"",INDEX(Calc_Daily!$AR$2:$AR$2001,(Metrics!$H$1-180+23))) -> 0
A25: =IF((Metrics!$H$1-180+24)<1,"",INDEX(Calc_Daily!$A$2:$A$2001,(Metrics!$H$1-180+24))) -> 0 | B25: =IF((Metrics!$H$1-180+24)<1,"",INDEX(Calc_Daily!$B$2:$B$2001,(Metrics!$H$1-180+24))) -> 0 | C25: =IF((Metrics!$H$1-180+24)<1,"",INDEX(Calc_Daily!$C$2:$C$2001,(Metrics!$H$1-180+24))) -> 0 | D25: =IF((Metrics!$H$1-180+24)<1,"",INDEX(Calc_Daily!$D$2:$D$2001,(Metrics!$H$1-180+24))) -> 0 | E25: =IF((Metrics!$H$1-180+24)<1,"",INDEX(Calc_Daily!$E$2:$E$2001,(Metrics!$H$1-180+24))) -> 0 | F25: =IF((Metrics!$H$1-180+24)<1,"",INDEX(Calc_Daily!$H$2:$H$2001,(Metrics!$H$1-180+24))) -> 0 | G25: =IF((Metrics!$H$1-180+24)<1,"",INDEX(Calc_Daily!$I$2:$I$2001,(Metrics!$H$1-180+24))) -> 0 | H25: =IF((Metrics!$H$1-180+24)<1,"",INDEX(Calc_Daily!$J$2:$J$2001,(Metrics!$H$1-180+24))) -> 0 | I25: =IF((Metrics!$H$1-180+24)<1,"",INDEX(Calc_Daily!$K$2:$K$2001,(Metrics!$H$1-180+24))) -> 0 | J25: =IF((Metrics!$H$1-180+24)<1,"",INDEX(Calc_Daily!$N$2:$N$2001,(Metrics!$H$1-180+24))) -> 0 | K25: =IF((Metrics!$H$1-180+24)<1,"",70) -> 0 | L25: =IF((Metrics!$H$1-180+24)<1,"",30) -> 0 | M25: =IF((Metrics!$H$1-180+24)<1,"",INDEX(Calc_Daily!$Q$2:$Q$2001,(Metrics!$H$1-180+24))) -> 0 | N25: =IF((Metrics!$H$1-180+24)<1,"",INDEX(Calc_Daily!$R$2:$R$2001,(Metrics!$H$1-180+24))) -> 0 | O25: =IF((Metrics!$H$1-180+24)<1,"",INDEX(Calc_Daily!$S$2:$S$2001,(Metrics!$H$1-180+24))) -> 0 | P25: =IF((Metrics!$H$1-180+24)<1,"",INDEX(Calc_Daily!$AM$2:$AM$2001,(Metrics!$H$1-180+24))) -> 0 | Q25: =IF((Metrics!$H$1-180+24)<1,"",INDEX(Calc_Daily!$AK$2:$AK$2001,(Metrics!$H$1-180+24))) -> 0 | R25: =IF((Metrics!$H$1-180+24)<1,"",INDEX(Calc_Daily!$AN$2:$AN$2001,(Metrics!$H$1-180+24))) -> 0 | S25: =IF((Metrics!$H$1-180+24)<1,"",INDEX(Calc_Daily!$AD$2:$AD$2001,(Metrics!$H$1-180+24))) -> 0 | T25: =IF((Metrics!$H$1-180+24)<1,"",INDEX(Calc_Daily!$AT$2:$AT$2001,(Metrics!$H$1-180+24))) -> 0 | U25: =IF((Metrics!$H$1-180+24)<1,"",INDEX(Calc_Daily!$AQ$2:$AQ$2001,(Metrics!$H$1-180+24))) -> 0 | V25: =IF((Metrics!$H$1-180+24)<1,"",INDEX(Calc_Daily!$AR$2:$AR$2001,(Metrics!$H$1-180+24))) -> 0
A26: =IF((Metrics!$H$1-180+25)<1,"",INDEX(Calc_Daily!$A$2:$A$2001,(Metrics!$H$1-180+25))) -> 0 | B26: =IF((Metrics!$H$1-180+25)<1,"",INDEX(Calc_Daily!$B$2:$B$2001,(Metrics!$H$1-180+25))) -> 0 | C26: =IF((Metrics!$H$1-180+25)<1,"",INDEX(Calc_Daily!$C$2:$C$2001,(Metrics!$H$1-180+25))) -> 0 | D26: =IF((Metrics!$H$1-180+25)<1,"",INDEX(Calc_Daily!$D$2:$D$2001,(Metrics!$H$1-180+25))) -> 0 | E26: =IF((Metrics!$H$1-180+25)<1,"",INDEX(Calc_Daily!$E$2:$E$2001,(Metrics!$H$1-180+25))) -> 0 | F26: =IF((Metrics!$H$1-180+25)<1,"",INDEX(Calc_Daily!$H$2:$H$2001,(Metrics!$H$1-180+25))) -> 0 | G26: =IF((Metrics!$H$1-180+25)<1,"",INDEX(Calc_Daily!$I$2:$I$2001,(Metrics!$H$1-180+25))) -> 0 | H26: =IF((Metrics!$H$1-180+25)<1,"",INDEX(Calc_Daily!$J$2:$J$2001,(Metrics!$H$1-180+25))) -> 0 | I26: =IF((Metrics!$H$1-180+25)<1,"",INDEX(Calc_Daily!$K$2:$K$2001,(Metrics!$H$1-180+25))) -> 0 | J26: =IF((Metrics!$H$1-180+25)<1,"",INDEX(Calc_Daily!$N$2:$N$2001,(Metrics!$H$1-180+25))) -> 0 | K26: =IF((Metrics!$H$1-180+25)<1,"",70) -> 0 | L26: =IF((Metrics!$H$1-180+25)<1,"",30) -> 0 | M26: =IF((Metrics!$H$1-180+25)<1,"",INDEX(Calc_Daily!$Q$2:$Q$2001,(Metrics!$H$1-180+25))) -> 0 | N26: =IF((Metrics!$H$1-180+25)<1,"",INDEX(Calc_Daily!$R$2:$R$2001,(Metrics!$H$1-180+25))) -> 0 | O26: =IF((Metrics!$H$1-180+25)<1,"",INDEX(Calc_Daily!$S$2:$S$2001,(Metrics!$H$1-180+25))) -> 0 | P26: =IF((Metrics!$H$1-180+25)<1,"",INDEX(Calc_Daily!$AM$2:$AM$2001,(Metrics!$H$1-180+25))) -> 0 | Q26: =IF((Metrics!$H$1-180+25)<1,"",INDEX(Calc_Daily!$AK$2:$AK$2001,(Metrics!$H$1-180+25))) -> 0 | R26: =IF((Metrics!$H$1-180+25)<1,"",INDEX(Calc_Daily!$AN$2:$AN$2001,(Metrics!$H$1-180+25))) -> 0 | S26: =IF((Metrics!$H$1-180+25)<1,"",INDEX(Calc_Daily!$AD$2:$AD$2001,(Metrics!$H$1-180+25))) -> 0 | T26: =IF((Metrics!$H$1-180+25)<1,"",INDEX(Calc_Daily!$AT$2:$AT$2001,(Metrics!$H$1-180+25))) -> 0 | U26: =IF((Metrics!$H$1-180+25)<1,"",INDEX(Calc_Daily!$AQ$2:$AQ$2001,(Metrics!$H$1-180+25))) -> 0 | V26: =IF((Metrics!$H$1-180+25)<1,"",INDEX(Calc_Daily!$AR$2:$AR$2001,(Metrics!$H$1-180+25))) -> 0
A27: =IF((Metrics!$H$1-180+26)<1,"",INDEX(Calc_Daily!$A$2:$A$2001,(Metrics!$H$1-180+26))) -> 0 | B27: =IF((Metrics!$H$1-180+26)<1,"",INDEX(Calc_Daily!$B$2:$B$2001,(Metrics!$H$1-180+26))) -> 0 | C27: =IF((Metrics!$H$1-180+26)<1,"",INDEX(Calc_Daily!$C$2:$C$2001,(Metrics!$H$1-180+26))) -> 0 | D27: =IF((Metrics!$H$1-180+26)<1,"",INDEX(Calc_Daily!$D$2:$D$2001,(Metrics!$H$1-180+26))) -> 0 | E27: =IF((Metrics!$H$1-180+26)<1,"",INDEX(Calc_Daily!$E$2:$E$2001,(Metrics!$H$1-180+26))) -> 0 | F27: =IF((Metrics!$H$1-180+26)<1,"",INDEX(Calc_Daily!$H$2:$H$2001,(Metrics!$H$1-180+26))) -> 0 | G27: =IF((Metrics!$H$1-180+26)<1,"",INDEX(Calc_Daily!$I$2:$I$2001,(Metrics!$H$1-180+26))) -> 0 | H27: =IF((Metrics!$H$1-180+26)<1,"",INDEX(Calc_Daily!$J$2:$J$2001,(Metrics!$H$1-180+26))) -> 0 | I27: =IF((Metrics!$H$1-180+26)<1,"",INDEX(Calc_Daily!$K$2:$K$2001,(Metrics!$H$1-180+26))) -> 0 | J27: =IF((Metrics!$H$1-180+26)<1,"",INDEX(Calc_Daily!$N$2:$N$2001,(Metrics!$H$1-180+26))) -> 0 | K27: =IF((Metrics!$H$1-180+26)<1,"",70) -> 0 | L27: =IF((Metrics!$H$1-180+26)<1,"",30) -> 0 | M27: =IF((Metrics!$H$1-180+26)<1,"",INDEX(Calc_Daily!$Q$2:$Q$2001,(Metrics!$H$1-180+26))) -> 0 | N27: =IF((Metrics!$H$1-180+26)<1,"",INDEX(Calc_Daily!$R$2:$R$2001,(Metrics!$H$1-180+26))) -> 0 | O27: =IF((Metrics!$H$1-180+26)<1,"",INDEX(Calc_Daily!$S$2:$S$2001,(Metrics!$H$1-180+26))) -> 0 | P27: =IF((Metrics!$H$1-180+26)<1,"",INDEX(Calc_Daily!$AM$2:$AM$2001,(Metrics!$H$1-180+26))) -> 0 | Q27: =IF((Metrics!$H$1-180+26)<1,"",INDEX(Calc_Daily!$AK$2:$AK$2001,(Metrics!$H$1-180+26))) -> 0 | R27: =IF((Metrics!$H$1-180+26)<1,"",INDEX(Calc_Daily!$AN$2:$AN$2001,(Metrics!$H$1-180+26))) -> 0 | S27: =IF((Metrics!$H$1-180+26)<1,"",INDEX(Calc_Daily!$AD$2:$AD$2001,(Metrics!$H$1-180+26))) -> 0 | T27: =IF((Metrics!$H$1-180+26)<1,"",INDEX(Calc_Daily!$AT$2:$AT$2001,(Metrics!$H$1-180+26))) -> 0 | U27: =IF((Metrics!$H$1-180+26)<1,"",INDEX(Calc_Daily!$AQ$2:$AQ$2001,(Metrics!$H$1-180+26))) -> 0 | V27: =IF((Metrics!$H$1-180+26)<1,"",INDEX(Calc_Daily!$AR$2:$AR$2001,(Metrics!$H$1-180+26))) -> 0
A28: =IF((Metrics!$H$1-180+27)<1,"",INDEX(Calc_Daily!$A$2:$A$2001,(Metrics!$H$1-180+27))) -> 0 | B28: =IF((Metrics!$H$1-180+27)<1,"",INDEX(Calc_Daily!$B$2:$B$2001,(Metrics!$H$1-180+27))) -> 0 | C28: =IF((Metrics!$H$1-180+27)<1,"",INDEX(Calc_Daily!$C$2:$C$2001,(Metrics!$H$1-180+27))) -> 0 | D28: =IF((Metrics!$H$1-180+27)<1,"",INDEX(Calc_Daily!$D$2:$D$2001,(Metrics!$H$1-180+27))) -> 0 | E28: =IF((Metrics!$H$1-180+27)<1,"",INDEX(Calc_Daily!$E$2:$E$2001,(Metrics!$H$1-180+27))) -> 0 | F28: =IF((Metrics!$H$1-180+27)<1,"",INDEX(Calc_Daily!$H$2:$H$2001,(Metrics!$H$1-180+27))) -> 0 | G28: =IF((Metrics!$H$1-180+27)<1,"",INDEX(Calc_Daily!$I$2:$I$2001,(Metrics!$H$1-180+27))) -> 0 | H28: =IF((Metrics!$H$1-180+27)<1,"",INDEX(Calc_Daily!$J$2:$J$2001,(Metrics!$H$1-180+27))) -> 0 | I28: =IF((Metrics!$H$1-180+27)<1,"",INDEX(Calc_Daily!$K$2:$K$2001,(Metrics!$H$1-180+27))) -> 0 | J28: =IF((Metrics!$H$1-180+27)<1,"",INDEX(Calc_Daily!$N$2:$N$2001,(Metrics!$H$1-180+27))) -> 0 | K28: =IF((Metrics!$H$1-180+27)<1,"",70) -> 0 | L28: =IF((Metrics!$H$1-180+27)<1,"",30) -> 0 | M28: =IF((Metrics!$H$1-180+27)<1,"",INDEX(Calc_Daily!$Q$2:$Q$2001,(Metrics!$H$1-180+27))) -> 0 | N28: =IF((Metrics!$H$1-180+27)<1,"",INDEX(Calc_Daily!$R$2:$R$2001,(Metrics!$H$1-180+27))) -> 0 | O28: =IF((Metrics!$H$1-180+27)<1,"",INDEX(Calc_Daily!$S$2:$S$2001,(Metrics!$H$1-180+27))) -> 0 | P28: =IF((Metrics!$H$1-180+27)<1,"",INDEX(Calc_Daily!$AM$2:$AM$2001,(Metrics!$H$1-180+27))) -> 0 | Q28: =IF((Metrics!$H$1-180+27)<1,"",INDEX(Calc_Daily!$AK$2:$AK$2001,(Metrics!$H$1-180+27))) -> 0 | R28: =IF((Metrics!$H$1-180+27)<1,"",INDEX(Calc_Daily!$AN$2:$AN$2001,(Metrics!$H$1-180+27))) -> 0 | S28: =IF((Metrics!$H$1-180+27)<1,"",INDEX(Calc_Daily!$AD$2:$AD$2001,(Metrics!$H$1-180+27))) -> 0 | T28: =IF((Metrics!$H$1-180+27)<1,"",INDEX(Calc_Daily!$AT$2:$AT$2001,(Metrics!$H$1-180+27))) -> 0 | U28: =IF((Metrics!$H$1-180+27)<1,"",INDEX(Calc_Daily!$AQ$2:$AQ$2001,(Metrics!$H$1-180+27))) -> 0 | V28: =IF((Metrics!$H$1-180+27)<1,"",INDEX(Calc_Daily!$AR$2:$AR$2001,(Metrics!$H$1-180+27))) -> 0
A29: =IF((Metrics!$H$1-180+28)<1,"",INDEX(Calc_Daily!$A$2:$A$2001,(Metrics!$H$1-180+28))) -> 0 | B29: =IF((Metrics!$H$1-180+28)<1,"",INDEX(Calc_Daily!$B$2:$B$2001,(Metrics!$H$1-180+28))) -> 0 | C29: =IF((Metrics!$H$1-180+28)<1,"",INDEX(Calc_Daily!$C$2:$C$2001,(Metrics!$H$1-180+28))) -> 0 | D29: =IF((Metrics!$H$1-180+28)<1,"",INDEX(Calc_Daily!$D$2:$D$2001,(Metrics!$H$1-180+28))) -> 0 | E29: =IF((Metrics!$H$1-180+28)<1,"",INDEX(Calc_Daily!$E$2:$E$2001,(Metrics!$H$1-180+28))) -> 0 | F29: =IF((Metrics!$H$1-180+28)<1,"",INDEX(Calc_Daily!$H$2:$H$2001,(Metrics!$H$1-180+28))) -> 0 | G29: =IF((Metrics!$H$1-180+28)<1,"",INDEX(Calc_Daily!$I$2:$I$2001,(Metrics!$H$1-180+28))) -> 0 | H29: =IF((Metrics!$H$1-180+28)<1,"",INDEX(Calc_Daily!$J$2:$J$2001,(Metrics!$H$1-180+28))) -> 0 | I29: =IF((Metrics!$H$1-180+28)<1,"",INDEX(Calc_Daily!$K$2:$K$2001,(Metrics!$H$1-180+28))) -> 0 | J29: =IF((Metrics!$H$1-180+28)<1,"",INDEX(Calc_Daily!$N$2:$N$2001,(Metrics!$H$1-180+28))) -> 0 | K29: =IF((Metrics!$H$1-180+28)<1,"",70) -> 0 | L29: =IF((Metrics!$H$1-180+28)<1,"",30) -> 0 | M29: =IF((Metrics!$H$1-180+28)<1,"",INDEX(Calc_Daily!$Q$2:$Q$2001,(Metrics!$H$1-180+28))) -> 0 | N29: =IF((Metrics!$H$1-180+28)<1,"",INDEX(Calc_Daily!$R$2:$R$2001,(Metrics!$H$1-180+28))) -> 0 | O29: =IF((Metrics!$H$1-180+28)<1,"",INDEX(Calc_Daily!$S$2:$S$2001,(Metrics!$H$1-180+28))) -> 0 | P29: =IF((Metrics!$H$1-180+28)<1,"",INDEX(Calc_Daily!$AM$2:$AM$2001,(Metrics!$H$1-180+28))) -> 0 | Q29: =IF((Metrics!$H$1-180+28)<1,"",INDEX(Calc_Daily!$AK$2:$AK$2001,(Metrics!$H$1-180+28))) -> 0 | R29: =IF((Metrics!$H$1-180+28)<1,"",INDEX(Calc_Daily!$AN$2:$AN$2001,(Metrics!$H$1-180+28))) -> 0 | S29: =IF((Metrics!$H$1-180+28)<1,"",INDEX(Calc_Daily!$AD$2:$AD$2001,(Metrics!$H$1-180+28))) -> 0 | T29: =IF((Metrics!$H$1-180+28)<1,"",INDEX(Calc_Daily!$AT$2:$AT$2001,(Metrics!$H$1-180+28))) -> 0 | U29: =IF((Metrics!$H$1-180+28)<1,"",INDEX(Calc_Daily!$AQ$2:$AQ$2001,(Metrics!$H$1-180+28))) -> 0 | V29: =IF((Metrics!$H$1-180+28)<1,"",INDEX(Calc_Daily!$AR$2:$AR$2001,(Metrics!$H$1-180+28))) -> 0
A30: =IF((Metrics!$H$1-180+29)<1,"",INDEX(Calc_Daily!$A$2:$A$2001,(Metrics!$H$1-180+29))) -> 0 | B30: =IF((Metrics!$H$1-180+29)<1,"",INDEX(Calc_Daily!$B$2:$B$2001,(Metrics!$H$1-180+29))) -> 0 | C30: =IF((Metrics!$H$1-180+29)<1,"",INDEX(Calc_Daily!$C$2:$C$2001,(Metrics!$H$1-180+29))) -> 0 | D30: =IF((Metrics!$H$1-180+29)<1,"",INDEX(Calc_Daily!$D$2:$D$2001,(Metrics!$H$1-180+29))) -> 0 | E30: =IF((Metrics!$H$1-180+29)<1,"",INDEX(Calc_Daily!$E$2:$E$2001,(Metrics!$H$1-180+29))) -> 0 | F30: =IF((Metrics!$H$1-180+29)<1,"",INDEX(Calc_Daily!$H$2:$H$2001,(Metrics!$H$1-180+29))) -> 0 | G30: =IF((Metrics!$H$1-180+29)<1,"",INDEX(Calc_Daily!$I$2:$I$2001,(Metrics!$H$1-180+29))) -> 0 | H30: =IF((Metrics!$H$1-180+29)<1,"",INDEX(Calc_Daily!$J$2:$J$2001,(Metrics!$H$1-180+29))) -> 0 | I30: =IF((Metrics!$H$1-180+29)<1,"",INDEX(Calc_Daily!$K$2:$K$2001,(Metrics!$H$1-180+29))) -> 0 | J30: =IF((Metrics!$H$1-180+29)<1,"",INDEX(Calc_Daily!$N$2:$N$2001,(Metrics!$H$1-180+29))) -> 0 | K30: =IF((Metrics!$H$1-180+29)<1,"",70) -> 0 | L30: =IF((Metrics!$H$1-180+29)<1,"",30) -> 0 | M30: =IF((Metrics!$H$1-180+29)<1,"",INDEX(Calc_Daily!$Q$2:$Q$2001,(Metrics!$H$1-180+29))) -> 0 | N30: =IF((Metrics!$H$1-180+29)<1,"",INDEX(Calc_Daily!$R$2:$R$2001,(Metrics!$H$1-180+29))) -> 0 | O30: =IF((Metrics!$H$1-180+29)<1,"",INDEX(Calc_Daily!$S$2:$S$2001,(Metrics!$H$1-180+29))) -> 0 | P30: =IF((Metrics!$H$1-180+29)<1,"",INDEX(Calc_Daily!$AM$2:$AM$2001,(Metrics!$H$1-180+29))) -> 0 | Q30: =IF((Metrics!$H$1-180+29)<1,"",INDEX(Calc_Daily!$AK$2:$AK$2001,(Metrics!$H$1-180+29))) -> 0 | R30: =IF((Metrics!$H$1-180+29)<1,"",INDEX(Calc_Daily!$AN$2:$AN$2001,(Metrics!$H$1-180+29))) -> 0 | S30: =IF((Metrics!$H$1-180+29)<1,"",INDEX(Calc_Daily!$AD$2:$AD$2001,(Metrics!$H$1-180+29))) -> 0 | T30: =IF((Metrics!$H$1-180+29)<1,"",INDEX(Calc_Daily!$AT$2:$AT$2001,(Metrics!$H$1-180+29))) -> 0 | U30: =IF((Metrics!$H$1-180+29)<1,"",INDEX(Calc_Daily!$AQ$2:$AQ$2001,(Metrics!$H$1-180+29))) -> 0 | V30: =IF((Metrics!$H$1-180+29)<1,"",INDEX(Calc_Daily!$AR$2:$AR$2001,(Metrics!$H$1-180+29))) -> 0
A31: =IF((Metrics!$H$1-180+30)<1,"",INDEX(Calc_Daily!$A$2:$A$2001,(Metrics!$H$1-180+30))) -> 0 | B31: =IF((Metrics!$H$1-180+30)<1,"",INDEX(Calc_Daily!$B$2:$B$2001,(Metrics!$H$1-180+30))) -> 0 | C31: =IF((Metrics!$H$1-180+30)<1,"",INDEX(Calc_Daily!$C$2:$C$2001,(Metrics!$H$1-180+30))) -> 0 | D31: =IF((Metrics!$H$1-180+30)<1,"",INDEX(Calc_Daily!$D$2:$D$2001,(Metrics!$H$1-180+30))) -> 0 | E31: =IF((Metrics!$H$1-180+30)<1,"",INDEX(Calc_Daily!$E$2:$E$2001,(Metrics!$H$1-180+30))) -> 0 | F31: =IF((Metrics!$H$1-180+30)<1,"",INDEX(Calc_Daily!$H$2:$H$2001,(Metrics!$H$1-180+30))) -> 0 | G31: =IF((Metrics!$H$1-180+30)<1,"",INDEX(Calc_Daily!$I$2:$I$2001,(Metrics!$H$1-180+30))) -> 0 | H31: =IF((Metrics!$H$1-180+30)<1,"",INDEX(Calc_Daily!$J$2:$J$2001,(Metrics!$H$1-180+30))) -> 0 | I31: =IF((Metrics!$H$1-180+30)<1,"",INDEX(Calc_Daily!$K$2:$K$2001,(Metrics!$H$1-180+30))) -> 0 | J31: =IF((Metrics!$H$1-180+30)<1,"",INDEX(Calc_Daily!$N$2:$N$2001,(Metrics!$H$1-180+30))) -> 0 | K31: =IF((Metrics!$H$1-180+30)<1,"",70) -> 0 | L31: =IF((Metrics!$H$1-180+30)<1,"",30) -> 0 | M31: =IF((Metrics!$H$1-180+30)<1,"",INDEX(Calc_Daily!$Q$2:$Q$2001,(Metrics!$H$1-180+30))) -> 0 | N31: =IF((Metrics!$H$1-180+30)<1,"",INDEX(Calc_Daily!$R$2:$R$2001,(Metrics!$H$1-180+30))) -> 0 | O31: =IF((Metrics!$H$1-180+30)<1,"",INDEX(Calc_Daily!$S$2:$S$2001,(Metrics!$H$1-180+30))) -> 0 | P31: =IF((Metrics!$H$1-180+30)<1,"",INDEX(Calc_Daily!$AM$2:$AM$2001,(Metrics!$H$1-180+30))) -> 0 | Q31: =IF((Metrics!$H$1-180+30)<1,"",INDEX(Calc_Daily!$AK$2:$AK$2001,(Metrics!$H$1-180+30))) -> 0 | R31: =IF((Metrics!$H$1-180+30)<1,"",INDEX(Calc_Daily!$AN$2:$AN$2001,(Metrics!$H$1-180+30))) -> 0 | S31: =IF((Metrics!$H$1-180+30)<1,"",INDEX(Calc_Daily!$AD$2:$AD$2001,(Metrics!$H$1-180+30))) -> 0 | T31: =IF((Metrics!$H$1-180+30)<1,"",INDEX(Calc_Daily!$AT$2:$AT$2001,(Metrics!$H$1-180+30))) -> 0 | U31: =IF((Metrics!$H$1-180+30)<1,"",INDEX(Calc_Daily!$AQ$2:$AQ$2001,(Metrics!$H$1-180+30))) -> 0 | V31: =IF((Metrics!$H$1-180+30)<1,"",INDEX(Calc_Daily!$AR$2:$AR$2001,(Metrics!$H$1-180+30))) -> 0
A32: =IF((Metrics!$H$1-180+31)<1,"",INDEX(Calc_Daily!$A$2:$A$2001,(Metrics!$H$1-180+31))) -> 0 | B32: =IF((Metrics!$H$1-180+31)<1,"",INDEX(Calc_Daily!$B$2:$B$2001,(Metrics!$H$1-180+31))) -> 0 | C32: =IF((Metrics!$H$1-180+31)<1,"",INDEX(Calc_Daily!$C$2:$C$2001,(Metrics!$H$1-180+31))) -> 0 | D32: =IF((Metrics!$H$1-180+31)<1,"",INDEX(Calc_Daily!$D$2:$D$2001,(Metrics!$H$1-180+31))) -> 0 | E32: =IF((Metrics!$H$1-180+31)<1,"",INDEX(Calc_Daily!$E$2:$E$2001,(Metrics!$H$1-180+31))) -> 0 | F32: =IF((Metrics!$H$1-180+31)<1,"",INDEX(Calc_Daily!$H$2:$H$2001,(Metrics!$H$1-180+31))) -> 0 | G32: =IF((Metrics!$H$1-180+31)<1,"",INDEX(Calc_Daily!$I$2:$I$2001,(Metrics!$H$1-180+31))) -> 0 | H32: =IF((Metrics!$H$1-180+31)<1,"",INDEX(Calc_Daily!$J$2:$J$2001,(Metrics!$H$1-180+31))) -> 0 | I32: =IF((Metrics!$H$1-180+31)<1,"",INDEX(Calc_Daily!$K$2:$K$2001,(Metrics!$H$1-180+31))) -> 0 | J32: =IF((Metrics!$H$1-180+31)<1,"",INDEX(Calc_Daily!$N$2:$N$2001,(Metrics!$H$1-180+31))) -> 0 | K32: =IF((Metrics!$H$1-180+31)<1,"",70) -> 0 | L32: =IF((Metrics!$H$1-180+31)<1,"",30) -> 0 | M32: =IF((Metrics!$H$1-180+31)<1,"",INDEX(Calc_Daily!$Q$2:$Q$2001,(Metrics!$H$1-180+31))) -> 0 | N32: =IF((Metrics!$H$1-180+31)<1,"",INDEX(Calc_Daily!$R$2:$R$2001,(Metrics!$H$1-180+31))) -> 0 | O32: =IF((Metrics!$H$1-180+31)<1,"",INDEX(Calc_Daily!$S$2:$S$2001,(Metrics!$H$1-180+31))) -> 0 | P32: =IF((Metrics!$H$1-180+31)<1,"",INDEX(Calc_Daily!$AM$2:$AM$2001,(Metrics!$H$1-180+31))) -> 0 | Q32: =IF((Metrics!$H$1-180+31)<1,"",INDEX(Calc_Daily!$AK$2:$AK$2001,(Metrics!$H$1-180+31))) -> 0 | R32: =IF((Metrics!$H$1-180+31)<1,"",INDEX(Calc_Daily!$AN$2:$AN$2001,(Metrics!$H$1-180+31))) -> 0 | S32: =IF((Metrics!$H$1-180+31)<1,"",INDEX(Calc_Daily!$AD$2:$AD$2001,(Metrics!$H$1-180+31))) -> 0 | T32: =IF((Metrics!$H$1-180+31)<1,"",INDEX(Calc_Daily!$AT$2:$AT$2001,(Metrics!$H$1-180+31))) -> 0 | U32: =IF((Metrics!$H$1-180+31)<1,"",INDEX(Calc_Daily!$AQ$2:$AQ$2001,(Metrics!$H$1-180+31))) -> 0 | V32: =IF((Metrics!$H$1-180+31)<1,"",INDEX(Calc_Daily!$AR$2:$AR$2001,(Metrics!$H$1-180+31))) -> 0
A33: =IF((Metrics!$H$1-180+32)<1,"",INDEX(Calc_Daily!$A$2:$A$2001,(Metrics!$H$1-180+32))) -> 0 | B33: =IF((Metrics!$H$1-180+32)<1,"",INDEX(Calc_Daily!$B$2:$B$2001,(Metrics!$H$1-180+32))) -> 0 | C33: =IF((Metrics!$H$1-180+32)<1,"",INDEX(Calc_Daily!$C$2:$C$2001,(Metrics!$H$1-180+32))) -> 0 | D33: =IF((Metrics!$H$1-180+32)<1,"",INDEX(Calc_Daily!$D$2:$D$2001,(Metrics!$H$1-180+32))) -> 0 | E33: =IF((Metrics!$H$1-180+32)<1,"",INDEX(Calc_Daily!$E$2:$E$2001,(Metrics!$H$1-180+32))) -> 0 | F33: =IF((Metrics!$H$1-180+32)<1,"",INDEX(Calc_Daily!$H$2:$H$2001,(Metrics!$H$1-180+32))) -> 0 | G33: =IF((Metrics!$H$1-180+32)<1,"",INDEX(Calc_Daily!$I$2:$I$2001,(Metrics!$H$1-180+32))) -> 0 | H33: =IF((Metrics!$H$1-180+32)<1,"",INDEX(Calc_Daily!$J$2:$J$2001,(Metrics!$H$1-180+32))) -> 0 | I33: =IF((Metrics!$H$1-180+32)<1,"",INDEX(Calc_Daily!$K$2:$K$2001,(Metrics!$H$1-180+32))) -> 0 | J33: =IF((Metrics!$H$1-180+32)<1,"",INDEX(Calc_Daily!$N$2:$N$2001,(Metrics!$H$1-180+32))) -> 0 | K33: =IF((Metrics!$H$1-180+32)<1,"",70) -> 0 | L33: =IF((Metrics!$H$1-180+32)<1,"",30) -> 0 | M33: =IF((Metrics!$H$1-180+32)<1,"",INDEX(Calc_Daily!$Q$2:$Q$2001,(Metrics!$H$1-180+32))) -> 0 | N33: =IF((Metrics!$H$1-180+32)<1,"",INDEX(Calc_Daily!$R$2:$R$2001,(Metrics!$H$1-180+32))) -> 0 | O33: =IF((Metrics!$H$1-180+32)<1,"",INDEX(Calc_Daily!$S$2:$S$2001,(Metrics!$H$1-180+32))) -> 0 | P33: =IF((Metrics!$H$1-180+32)<1,"",INDEX(Calc_Daily!$AM$2:$AM$2001,(Metrics!$H$1-180+32))) -> 0 | Q33: =IF((Metrics!$H$1-180+32)<1,"",INDEX(Calc_Daily!$AK$2:$AK$2001,(Metrics!$H$1-180+32))) -> 0 | R33: =IF((Metrics!$H$1-180+32)<1,"",INDEX(Calc_Daily!$AN$2:$AN$2001,(Metrics!$H$1-180+32))) -> 0 | S33: =IF((Metrics!$H$1-180+32)<1,"",INDEX(Calc_Daily!$AD$2:$AD$2001,(Metrics!$H$1-180+32))) -> 0 | T33: =IF((Metrics!$H$1-180+32)<1,"",INDEX(Calc_Daily!$AT$2:$AT$2001,(Metrics!$H$1-180+32))) -> 0 | U33: =IF((Metrics!$H$1-180+32)<1,"",INDEX(Calc_Daily!$AQ$2:$AQ$2001,(Metrics!$H$1-180+32))) -> 0 | V33: =IF((Metrics!$H$1-180+32)<1,"",INDEX(Calc_Daily!$AR$2:$AR$2001,(Metrics!$H$1-180+32))) -> 0
A34: =IF((Metrics!$H$1-180+33)<1,"",INDEX(Calc_Daily!$A$2:$A$2001,(Metrics!$H$1-180+33))) -> 0 | B34: =IF((Metrics!$H$1-180+33)<1,"",INDEX(Calc_Daily!$B$2:$B$2001,(Metrics!$H$1-180+33))) -> 0 | C34: =IF((Metrics!$H$1-180+33)<1,"",INDEX(Calc_Daily!$C$2:$C$2001,(Metrics!$H$1-180+33))) -> 0 | D34: =IF((Metrics!$H$1-180+33)<1,"",INDEX(Calc_Daily!$D$2:$D$2001,(Metrics!$H$1-180+33))) -> 0 | E34: =IF((Metrics!$H$1-180+33)<1,"",INDEX(Calc_Daily!$E$2:$E$2001,(Metrics!$H$1-180+33))) -> 0 | F34: =IF((Metrics!$H$1-180+33)<1,"",INDEX(Calc_Daily!$H$2:$H$2001,(Metrics!$H$1-180+33))) -> 0 | G34: =IF((Metrics!$H$1-180+33)<1,"",INDEX(Calc_Daily!$I$2:$I$2001,(Metrics!$H$1-180+33))) -> 0 | H34: =IF((Metrics!$H$1-180+33)<1,"",INDEX(Calc_Daily!$J$2:$J$2001,(Metrics!$H$1-180+33))) -> 0 | I34: =IF((Metrics!$H$1-180+33)<1,"",INDEX(Calc_Daily!$K$2:$K$2001,(Metrics!$H$1-180+33))) -> 0 | J34: =IF((Metrics!$H$1-180+33)<1,"",INDEX(Calc_Daily!$N$2:$N$2001,(Metrics!$H$1-180+33))) -> 0 | K34: =IF((Metrics!$H$1-180+33)<1,"",70) -> 0 | L34: =IF((Metrics!$H$1-180+33)<1,"",30) -> 0 | M34: =IF((Metrics!$H$1-180+33)<1,"",INDEX(Calc_Daily!$Q$2:$Q$2001,(Metrics!$H$1-180+33))) -> 0 | N34: =IF((Metrics!$H$1-180+33)<1,"",INDEX(Calc_Daily!$R$2:$R$2001,(Metrics!$H$1-180+33))) -> 0 | O34: =IF((Metrics!$H$1-180+33)<1,"",INDEX(Calc_Daily!$S$2:$S$2001,(Metrics!$H$1-180+33))) -> 0 | P34: =IF((Metrics!$H$1-180+33)<1,"",INDEX(Calc_Daily!$AM$2:$AM$2001,(Metrics!$H$1-180+33))) -> 0 | Q34: =IF((Metrics!$H$1-180+33)<1,"",INDEX(Calc_Daily!$AK$2:$AK$2001,(Metrics!$H$1-180+33))) -> 0 | R34: =IF((Metrics!$H$1-180+33)<1,"",INDEX(Calc_Daily!$AN$2:$AN$2001,(Metrics!$H$1-180+33))) -> 0 | S34: =IF((Metrics!$H$1-180+33)<1,"",INDEX(Calc_Daily!$AD$2:$AD$2001,(Metrics!$H$1-180+33))) -> 0 | T34: =IF((Metrics!$H$1-180+33)<1,"",INDEX(Calc_Daily!$AT$2:$AT$2001,(Metrics!$H$1-180+33))) -> 0 | U34: =IF((Metrics!$H$1-180+33)<1,"",INDEX(Calc_Daily!$AQ$2:$AQ$2001,(Metrics!$H$1-180+33))) -> 0 | V34: =IF((Metrics!$H$1-180+33)<1,"",INDEX(Calc_Daily!$AR$2:$AR$2001,(Metrics!$H$1-180+33))) -> 0
A35: =IF((Metrics!$H$1-180+34)<1,"",INDEX(Calc_Daily!$A$2:$A$2001,(Metrics!$H$1-180+34))) -> 0 | B35: =IF((Metrics!$H$1-180+34)<1,"",INDEX(Calc_Daily!$B$2:$B$2001,(Metrics!$H$1-180+34))) -> 0 | C35: =IF((Metrics!$H$1-180+34)<1,"",INDEX(Calc_Daily!$C$2:$C$2001,(Metrics!$H$1-180+34))) -> 0 | D35: =IF((Metrics!$H$1-180+34)<1,"",INDEX(Calc_Daily!$D$2:$D$2001,(Metrics!$H$1-180+34))) -> 0 | E35: =IF((Metrics!$H$1-180+34)<1,"",INDEX(Calc_Daily!$E$2:$E$2001,(Metrics!$H$1-180+34))) -> 0 | F35: =IF((Metrics!$H$1-180+34)<1,"",INDEX(Calc_Daily!$H$2:$H$2001,(Metrics!$H$1-180+34))) -> 0 | G35: =IF((Metrics!$H$1-180+34)<1,"",INDEX(Calc_Daily!$I$2:$I$2001,(Metrics!$H$1-180+34))) -> 0 | H35: =IF((Metrics!$H$1-180+34)<1,"",INDEX(Calc_Daily!$J$2:$J$2001,(Metrics!$H$1-180+34))) -> 0 | I35: =IF((Metrics!$H$1-180+34)<1,"",INDEX(Calc_Daily!$K$2:$K$2001,(Metrics!$H$1-180+34))) -> 0 | J35: =IF((Metrics!$H$1-180+34)<1,"",INDEX(Calc_Daily!$N$2:$N$2001,(Metrics!$H$1-180+34))) -> 0 | K35: =IF((Metrics!$H$1-180+34)<1,"",70) -> 0 | L35: =IF((Metrics!$H$1-180+34)<1,"",30) -> 0 | M35: =IF((Metrics!$H$1-180+34)<1,"",INDEX(Calc_Daily!$Q$2:$Q$2001,(Metrics!$H$1-180+34))) -> 0 | N35: =IF((Metrics!$H$1-180+34)<1,"",INDEX(Calc_Daily!$R$2:$R$2001,(Metrics!$H$1-180+34))) -> 0 | O35: =IF((Metrics!$H$1-180+34)<1,"",INDEX(Calc_Daily!$S$2:$S$2001,(Metrics!$H$1-180+34))) -> 0 | P35: =IF((Metrics!$H$1-180+34)<1,"",INDEX(Calc_Daily!$AM$2:$AM$2001,(Metrics!$H$1-180+34))) -> 0 | Q35: =IF((Metrics!$H$1-180+34)<1,"",INDEX(Calc_Daily!$AK$2:$AK$2001,(Metrics!$H$1-180+34))) -> 0 | R35: =IF((Metrics!$H$1-180+34)<1,"",INDEX(Calc_Daily!$AN$2:$AN$2001,(Metrics!$H$1-180+34))) -> 0 | S35: =IF((Metrics!$H$1-180+34)<1,"",INDEX(Calc_Daily!$AD$2:$AD$2001,(Metrics!$H$1-180+34))) -> 0 | T35: =IF((Metrics!$H$1-180+34)<1,"",INDEX(Calc_Daily!$AT$2:$AT$2001,(Metrics!$H$1-180+34))) -> 0 | U35: =IF((Metrics!$H$1-180+34)<1,"",INDEX(Calc_Daily!$AQ$2:$AQ$2001,(Metrics!$H$1-180+34))) -> 0 | V35: =IF((Metrics!$H$1-180+34)<1,"",INDEX(Calc_Daily!$AR$2:$AR$2001,(Metrics!$H$1-180+34))) -> 0
A36: =IF((Metrics!$H$1-180+35)<1,"",INDEX(Calc_Daily!$A$2:$A$2001,(Metrics!$H$1-180+35))) -> 0 | B36: =IF((Metrics!$H$1-180+35)<1,"",INDEX(Calc_Daily!$B$2:$B$2001,(Metrics!$H$1-180+35))) -> 0 | C36: =IF((Metrics!$H$1-180+35)<1,"",INDEX(Calc_Daily!$C$2:$C$2001,(Metrics!$H$1-180+35))) -> 0 | D36: =IF((Metrics!$H$1-180+35)<1,"",INDEX(Calc_Daily!$D$2:$D$2001,(Metrics!$H$1-180+35))) -> 0 | E36: =IF((Metrics!$H$1-180+35)<1,"",INDEX(Calc_Daily!$E$2:$E$2001,(Metrics!$H$1-180+35))) -> 0 | F36: =IF((Metrics!$H$1-180+35)<1,"",INDEX(Calc_Daily!$H$2:$H$2001,(Metrics!$H$1-180+35))) -> 0 | G36: =IF((Metrics!$H$1-180+35)<1,"",INDEX(Calc_Daily!$I$2:$I$2001,(Metrics!$H$1-180+35))) -> 0 | H36: =IF((Metrics!$H$1-180+35)<1,"",INDEX(Calc_Daily!$J$2:$J$2001,(Metrics!$H$1-180+35))) -> 0 | I36: =IF((Metrics!$H$1-180+35)<1,"",INDEX(Calc_Daily!$K$2:$K$2001,(Metrics!$H$1-180+35))) -> 0 | J36: =IF((Metrics!$H$1-180+35)<1,"",INDEX(Calc_Daily!$N$2:$N$2001,(Metrics!$H$1-180+35))) -> 0 | K36: =IF((Metrics!$H$1-180+35)<1,"",70) -> 0 | L36: =IF((Metrics!$H$1-180+35)<1,"",30) -> 0 | M36: =IF((Metrics!$H$1-180+35)<1,"",INDEX(Calc_Daily!$Q$2:$Q$2001,(Metrics!$H$1-180+35))) -> 0 | N36: =IF((Metrics!$H$1-180+35)<1,"",INDEX(Calc_Daily!$R$2:$R$2001,(Metrics!$H$1-180+35))) -> 0 | O36: =IF((Metrics!$H$1-180+35)<1,"",INDEX(Calc_Daily!$S$2:$S$2001,(Metrics!$H$1-180+35))) -> 0 | P36: =IF((Metrics!$H$1-180+35)<1,"",INDEX(Calc_Daily!$AM$2:$AM$2001,(Metrics!$H$1-180+35))) -> 0 | Q36: =IF((Metrics!$H$1-180+35)<1,"",INDEX(Calc_Daily!$AK$2:$AK$2001,(Metrics!$H$1-180+35))) -> 0 | R36: =IF((Metrics!$H$1-180+35)<1,"",INDEX(Calc_Daily!$AN$2:$AN$2001,(Metrics!$H$1-180+35))) -> 0 | S36: =IF((Metrics!$H$1-180+35)<1,"",INDEX(Calc_Daily!$AD$2:$AD$2001,(Metrics!$H$1-180+35))) -> 0 | T36: =IF((Metrics!$H$1-180+35)<1,"",INDEX(Calc_Daily!$AT$2:$AT$2001,(Metrics!$H$1-180+35))) -> 0 | U36: =IF((Metrics!$H$1-180+35)<1,"",INDEX(Calc_Daily!$AQ$2:$AQ$2001,(Metrics!$H$1-180+35))) -> 0 | V36: =IF((Metrics!$H$1-180+35)<1,"",INDEX(Calc_Daily!$AR$2:$AR$2001,(Metrics!$H$1-180+35))) -> 0
A37: =IF((Metrics!$H$1-180+36)<1,"",INDEX(Calc_Daily!$A$2:$A$2001,(Metrics!$H$1-180+36))) -> 0 | B37: =IF((Metrics!$H$1-180+36)<1,"",INDEX(Calc_Daily!$B$2:$B$2001,(Metrics!$H$1-180+36))) -> 0 | C37: =IF((Metrics!$H$1-180+36)<1,"",INDEX(Calc_Daily!$C$2:$C$2001,(Metrics!$H$1-180+36))) -> 0 | D37: =IF((Metrics!$H$1-180+36)<1,"",INDEX(Calc_Daily!$D$2:$D$2001,(Metrics!$H$1-180+36))) -> 0 | E37: =IF((Metrics!$H$1-180+36)<1,"",INDEX(Calc_Daily!$E$2:$E$2001,(Metrics!$H$1-180+36))) -> 0 | F37: =IF((Metrics!$H$1-180+36)<1,"",INDEX(Calc_Daily!$H$2:$H$2001,(Metrics!$H$1-180+36))) -> 0 | G37: =IF((Metrics!$H$1-180+36)<1,"",INDEX(Calc_Daily!$I$2:$I$2001,(Metrics!$H$1-180+36))) -> 0 | H37: =IF((Metrics!$H$1-180+36)<1,"",INDEX(Calc_Daily!$J$2:$J$2001,(Metrics!$H$1-180+36))) -> 0 | I37: =IF((Metrics!$H$1-180+36)<1,"",INDEX(Calc_Daily!$K$2:$K$2001,(Metrics!$H$1-180+36))) -> 0 | J37: =IF((Metrics!$H$1-180+36)<1,"",INDEX(Calc_Daily!$N$2:$N$2001,(Metrics!$H$1-180+36))) -> 0 | K37: =IF((Metrics!$H$1-180+36)<1,"",70) -> 0 | L37: =IF((Metrics!$H$1-180+36)<1,"",30) -> 0 | M37: =IF((Metrics!$H$1-180+36)<1,"",INDEX(Calc_Daily!$Q$2:$Q$2001,(Metrics!$H$1-180+36))) -> 0 | N37: =IF((Metrics!$H$1-180+36)<1,"",INDEX(Calc_Daily!$R$2:$R$2001,(Metrics!$H$1-180+36))) -> 0 | O37: =IF((Metrics!$H$1-180+36)<1,"",INDEX(Calc_Daily!$S$2:$S$2001,(Metrics!$H$1-180+36))) -> 0 | P37: =IF((Metrics!$H$1-180+36)<1,"",INDEX(Calc_Daily!$AM$2:$AM$2001,(Metrics!$H$1-180+36))) -> 0 | Q37: =IF((Metrics!$H$1-180+36)<1,"",INDEX(Calc_Daily!$AK$2:$AK$2001,(Metrics!$H$1-180+36))) -> 0 | R37: =IF((Metrics!$H$1-180+36)<1,"",INDEX(Calc_Daily!$AN$2:$AN$2001,(Metrics!$H$1-180+36))) -> 0 | S37: =IF((Metrics!$H$1-180+36)<1,"",INDEX(Calc_Daily!$AD$2:$AD$2001,(Metrics!$H$1-180+36))) -> 0 | T37: =IF((Metrics!$H$1-180+36)<1,"",INDEX(Calc_Daily!$AT$2:$AT$2001,(Metrics!$H$1-180+36))) -> 0 | U37: =IF((Metrics!$H$1-180+36)<1,"",INDEX(Calc_Daily!$AQ$2:$AQ$2001,(Metrics!$H$1-180+36))) -> 0 | V37: =IF((Metrics!$H$1-180+36)<1,"",INDEX(Calc_Daily!$AR$2:$AR$2001,(Metrics!$H$1-180+36))) -> 0
A38: =IF((Metrics!$H$1-180+37)<1,"",INDEX(Calc_Daily!$A$2:$A$2001,(Metrics!$H$1-180+37))) -> 0 | B38: =IF((Metrics!$H$1-180+37)<1,"",INDEX(Calc_Daily!$B$2:$B$2001,(Metrics!$H$1-180+37))) -> 0 | C38: =IF((Metrics!$H$1-180+37)<1,"",INDEX(Calc_Daily!$C$2:$C$2001,(Metrics!$H$1-180+37))) -> 0 | D38: =IF((Metrics!$H$1-180+37)<1,"",INDEX(Calc_Daily!$D$2:$D$2001,(Metrics!$H$1-180+37))) -> 0 | E38: =IF((Metrics!$H$1-180+37)<1,"",INDEX(Calc_Daily!$E$2:$E$2001,(Metrics!$H$1-180+37))) -> 0 | F38: =IF((Metrics!$H$1-180+37)<1,"",INDEX(Calc_Daily!$H$2:$H$2001,(Metrics!$H$1-180+37))) -> 0 | G38: =IF((Metrics!$H$1-180+37)<1,"",INDEX(Calc_Daily!$I$2:$I$2001,(Metrics!$H$1-180+37))) -> 0 | H38: =IF((Metrics!$H$1-180+37)<1,"",INDEX(Calc_Daily!$J$2:$J$2001,(Metrics!$H$1-180+37))) -> 0 | I38: =IF((Metrics!$H$1-180+37)<1,"",INDEX(Calc_Daily!$K$2:$K$2001,(Metrics!$H$1-180+37))) -> 0 | J38: =IF((Metrics!$H$1-180+37)<1,"",INDEX(Calc_Daily!$N$2:$N$2001,(Metrics!$H$1-180+37))) -> 0 | K38: =IF((Metrics!$H$1-180+37)<1,"",70) -> 0 | L38: =IF((Metrics!$H$1-180+37)<1,"",30) -> 0 | M38: =IF((Metrics!$H$1-180+37)<1,"",INDEX(Calc_Daily!$Q$2:$Q$2001,(Metrics!$H$1-180+37))) -> 0 | N38: =IF((Metrics!$H$1-180+37)<1,"",INDEX(Calc_Daily!$R$2:$R$2001,(Metrics!$H$1-180+37))) -> 0 | O38: =IF((Metrics!$H$1-180+37)<1,"",INDEX(Calc_Daily!$S$2:$S$2001,(Metrics!$H$1-180+37))) -> 0 | P38: =IF((Metrics!$H$1-180+37)<1,"",INDEX(Calc_Daily!$AM$2:$AM$2001,(Metrics!$H$1-180+37))) -> 0 | Q38: =IF((Metrics!$H$1-180+37)<1,"",INDEX(Calc_Daily!$AK$2:$AK$2001,(Metrics!$H$1-180+37))) -> 0 | R38: =IF((Metrics!$H$1-180+37)<1,"",INDEX(Calc_Daily!$AN$2:$AN$2001,(Metrics!$H$1-180+37))) -> 0 | S38: =IF((Metrics!$H$1-180+37)<1,"",INDEX(Calc_Daily!$AD$2:$AD$2001,(Metrics!$H$1-180+37))) -> 0 | T38: =IF((Metrics!$H$1-180+37)<1,"",INDEX(Calc_Daily!$AT$2:$AT$2001,(Metrics!$H$1-180+37))) -> 0 | U38: =IF((Metrics!$H$1-180+37)<1,"",INDEX(Calc_Daily!$AQ$2:$AQ$2001,(Metrics!$H$1-180+37))) -> 0 | V38: =IF((Metrics!$H$1-180+37)<1,"",INDEX(Calc_Daily!$AR$2:$AR$2001,(Metrics!$H$1-180+37))) -> 0
A39: =IF((Metrics!$H$1-180+38)<1,"",INDEX(Calc_Daily!$A$2:$A$2001,(Metrics!$H$1-180+38))) -> 0 | B39: =IF((Metrics!$H$1-180+38)<1,"",INDEX(Calc_Daily!$B$2:$B$2001,(Metrics!$H$1-180+38))) -> 0 | C39: =IF((Metrics!$H$1-180+38)<1,"",INDEX(Calc_Daily!$C$2:$C$2001,(Metrics!$H$1-180+38))) -> 0 | D39: =IF((Metrics!$H$1-180+38)<1,"",INDEX(Calc_Daily!$D$2:$D$2001,(Metrics!$H$1-180+38))) -> 0 | E39: =IF((Metrics!$H$1-180+38)<1,"",INDEX(Calc_Daily!$E$2:$E$2001,(Metrics!$H$1-180+38))) -> 0 | F39: =IF((Metrics!$H$1-180+38)<1,"",INDEX(Calc_Daily!$H$2:$H$2001,(Metrics!$H$1-180+38))) -> 0 | G39: =IF((Metrics!$H$1-180+38)<1,"",INDEX(Calc_Daily!$I$2:$I$2001,(Metrics!$H$1-180+38))) -> 0 | H39: =IF((Metrics!$H$1-180+38)<1,"",INDEX(Calc_Daily!$J$2:$J$2001,(Metrics!$H$1-180+38))) -> 0 | I39: =IF((Metrics!$H$1-180+38)<1,"",INDEX(Calc_Daily!$K$2:$K$2001,(Metrics!$H$1-180+38))) -> 0 | J39: =IF((Metrics!$H$1-180+38)<1,"",INDEX(Calc_Daily!$N$2:$N$2001,(Metrics!$H$1-180+38))) -> 0 | K39: =IF((Metrics!$H$1-180+38)<1,"",70) -> 0 | L39: =IF((Metrics!$H$1-180+38)<1,"",30) -> 0 | M39: =IF((Metrics!$H$1-180+38)<1,"",INDEX(Calc_Daily!$Q$2:$Q$2001,(Metrics!$H$1-180+38))) -> 0 | N39: =IF((Metrics!$H$1-180+38)<1,"",INDEX(Calc_Daily!$R$2:$R$2001,(Metrics!$H$1-180+38))) -> 0 | O39: =IF((Metrics!$H$1-180+38)<1,"",INDEX(Calc_Daily!$S$2:$S$2001,(Metrics!$H$1-180+38))) -> 0 | P39: =IF((Metrics!$H$1-180+38)<1,"",INDEX(Calc_Daily!$AM$2:$AM$2001,(Metrics!$H$1-180+38))) -> 0 | Q39: =IF((Metrics!$H$1-180+38)<1,"",INDEX(Calc_Daily!$AK$2:$AK$2001,(Metrics!$H$1-180+38))) -> 0 | R39: =IF((Metrics!$H$1-180+38)<1,"",INDEX(Calc_Daily!$AN$2:$AN$2001,(Metrics!$H$1-180+38))) -> 0 | S39: =IF((Metrics!$H$1-180+38)<1,"",INDEX(Calc_Daily!$AD$2:$AD$2001,(Metrics!$H$1-180+38))) -> 0 | T39: =IF((Metrics!$H$1-180+38)<1,"",INDEX(Calc_Daily!$AT$2:$AT$2001,(Metrics!$H$1-180+38))) -> 0 | U39: =IF((Metrics!$H$1-180+38)<1,"",INDEX(Calc_Daily!$AQ$2:$AQ$2001,(Metrics!$H$1-180+38))) -> 0 | V39: =IF((Metrics!$H$1-180+38)<1,"",INDEX(Calc_Daily!$AR$2:$AR$2001,(Metrics!$H$1-180+38))) -> 0
A40: =IF((Metrics!$H$1-180+39)<1,"",INDEX(Calc_Daily!$A$2:$A$2001,(Metrics!$H$1-180+39))) -> 0 | B40: =IF((Metrics!$H$1-180+39)<1,"",INDEX(Calc_Daily!$B$2:$B$2001,(Metrics!$H$1-180+39))) -> 0 | C40: =IF((Metrics!$H$1-180+39)<1,"",INDEX(Calc_Daily!$C$2:$C$2001,(Metrics!$H$1-180+39))) -> 0 | D40: =IF((Metrics!$H$1-180+39)<1,"",INDEX(Calc_Daily!$D$2:$D$2001,(Metrics!$H$1-180+39))) -> 0 | E40: =IF((Metrics!$H$1-180+39)<1,"",INDEX(Calc_Daily!$E$2:$E$2001,(Metrics!$H$1-180+39))) -> 0 | F40: =IF((Metrics!$H$1-180+39)<1,"",INDEX(Calc_Daily!$H$2:$H$2001,(Metrics!$H$1-180+39))) -> 0 | G40: =IF((Metrics!$H$1-180+39)<1,"",INDEX(Calc_Daily!$I$2:$I$2001,(Metrics!$H$1-180+39))) -> 0 | H40: =IF((Metrics!$H$1-180+39)<1,"",INDEX(Calc_Daily!$J$2:$J$2001,(Metrics!$H$1-180+39))) -> 0 | I40: =IF((Metrics!$H$1-180+39)<1,"",INDEX(Calc_Daily!$K$2:$K$2001,(Metrics!$H$1-180+39))) -> 0 | J40: =IF((Metrics!$H$1-180+39)<1,"",INDEX(Calc_Daily!$N$2:$N$2001,(Metrics!$H$1-180+39))) -> 0 | K40: =IF((Metrics!$H$1-180+39)<1,"",70) -> 0 | L40: =IF((Metrics!$H$1-180+39)<1,"",30) -> 0 | M40: =IF((Metrics!$H$1-180+39)<1,"",INDEX(Calc_Daily!$Q$2:$Q$2001,(Metrics!$H$1-180+39))) -> 0 | N40: =IF((Metrics!$H$1-180+39)<1,"",INDEX(Calc_Daily!$R$2:$R$2001,(Metrics!$H$1-180+39))) -> 0 | O40: =IF((Metrics!$H$1-180+39)<1,"",INDEX(Calc_Daily!$S$2:$S$2001,(Metrics!$H$1-180+39))) -> 0 | P40: =IF((Metrics!$H$1-180+39)<1,"",INDEX(Calc_Daily!$AM$2:$AM$2001,(Metrics!$H$1-180+39))) -> 0 | Q40: =IF((Metrics!$H$1-180+39)<1,"",INDEX(Calc_Daily!$AK$2:$AK$2001,(Metrics!$H$1-180+39))) -> 0 | R40: =IF((Metrics!$H$1-180+39)<1,"",INDEX(Calc_Daily!$AN$2:$AN$2001,(Metrics!$H$1-180+39))) -> 0 | S40: =IF((Metrics!$H$1-180+39)<1,"",INDEX(Calc_Daily!$AD$2:$AD$2001,(Metrics!$H$1-180+39))) -> 0 | T40: =IF((Metrics!$H$1-180+39)<1,"",INDEX(Calc_Daily!$AT$2:$AT$2001,(Metrics!$H$1-180+39))) -> 0 | U40: =IF((Metrics!$H$1-180+39)<1,"",INDEX(Calc_Daily!$AQ$2:$AQ$2001,(Metrics!$H$1-180+39))) -> 0 | V40: =IF((Metrics!$H$1-180+39)<1,"",INDEX(Calc_Daily!$AR$2:$AR$2001,(Metrics!$H$1-180+39))) -> 0
A41: =IF((Metrics!$H$1-180+40)<1,"",INDEX(Calc_Daily!$A$2:$A$2001,(Metrics!$H$1-180+40))) -> 0 | B41: =IF((Metrics!$H$1-180+40)<1,"",INDEX(Calc_Daily!$B$2:$B$2001,(Metrics!$H$1-180+40))) -> 0 | C41: =IF((Metrics!$H$1-180+40)<1,"",INDEX(Calc_Daily!$C$2:$C$2001,(Metrics!$H$1-180+40))) -> 0 | D41: =IF((Metrics!$H$1-180+40)<1,"",INDEX(Calc_Daily!$D$2:$D$2001,(Metrics!$H$1-180+40))) -> 0 | E41: =IF((Metrics!$H$1-180+40)<1,"",INDEX(Calc_Daily!$E$2:$E$2001,(Metrics!$H$1-180+40))) -> 0 | F41: =IF((Metrics!$H$1-180+40)<1,"",INDEX(Calc_Daily!$H$2:$H$2001,(Metrics!$H$1-180+40))) -> 0 | G41: =IF((Metrics!$H$1-180+40)<1,"",INDEX(Calc_Daily!$I$2:$I$2001,(Metrics!$H$1-180+40))) -> 0 | H41: =IF((Metrics!$H$1-180+40)<1,"",INDEX(Calc_Daily!$J$2:$J$2001,(Metrics!$H$1-180+40))) -> 0 | I41: =IF((Metrics!$H$1-180+40)<1,"",INDEX(Calc_Daily!$K$2:$K$2001,(Metrics!$H$1-180+40))) -> 0 | J41: =IF((Metrics!$H$1-180+40)<1,"",INDEX(Calc_Daily!$N$2:$N$2001,(Metrics!$H$1-180+40))) -> 0 | K41: =IF((Metrics!$H$1-180+40)<1,"",70) -> 0 | L41: =IF((Metrics!$H$1-180+40)<1,"",30) -> 0 | M41: =IF((Metrics!$H$1-180+40)<1,"",INDEX(Calc_Daily!$Q$2:$Q$2001,(Metrics!$H$1-180+40))) -> 0 | N41: =IF((Metrics!$H$1-180+40)<1,"",INDEX(Calc_Daily!$R$2:$R$2001,(Metrics!$H$1-180+40))) -> 0 | O41: =IF((Metrics!$H$1-180+40)<1,"",INDEX(Calc_Daily!$S$2:$S$2001,(Metrics!$H$1-180+40))) -> 0 | P41: =IF((Metrics!$H$1-180+40)<1,"",INDEX(Calc_Daily!$AM$2:$AM$2001,(Metrics!$H$1-180+40))) -> 0 | Q41: =IF((Metrics!$H$1-180+40)<1,"",INDEX(Calc_Daily!$AK$2:$AK$2001,(Metrics!$H$1-180+40))) -> 0 | R41: =IF((Metrics!$H$1-180+40)<1,"",INDEX(Calc_Daily!$AN$2:$AN$2001,(Metrics!$H$1-180+40))) -> 0 | S41: =IF((Metrics!$H$1-180+40)<1,"",INDEX(Calc_Daily!$AD$2:$AD$2001,(Metrics!$H$1-180+40))) -> 0 | T41: =IF((Metrics!$H$1-180+40)<1,"",INDEX(Calc_Daily!$AT$2:$AT$2001,(Metrics!$H$1-180+40))) -> 0 | U41: =IF((Metrics!$H$1-180+40)<1,"",INDEX(Calc_Daily!$AQ$2:$AQ$2001,(Metrics!$H$1-180+40))) -> 0 | V41: =IF((Metrics!$H$1-180+40)<1,"",INDEX(Calc_Daily!$AR$2:$AR$2001,(Metrics!$H$1-180+40))) -> 0
A42: =IF((Metrics!$H$1-180+41)<1,"",INDEX(Calc_Daily!$A$2:$A$2001,(Metrics!$H$1-180+41))) -> 0 | B42: =IF((Metrics!$H$1-180+41)<1,"",INDEX(Calc_Daily!$B$2:$B$2001,(Metrics!$H$1-180+41))) -> 0 | C42: =IF((Metrics!$H$1-180+41)<1,"",INDEX(Calc_Daily!$C$2:$C$2001,(Metrics!$H$1-180+41))) -> 0 | D42: =IF((Metrics!$H$1-180+41)<1,"",INDEX(Calc_Daily!$D$2:$D$2001,(Metrics!$H$1-180+41))) -> 0 | E42: =IF((Metrics!$H$1-180+41)<1,"",INDEX(Calc_Daily!$E$2:$E$2001,(Metrics!$H$1-180+41))) -> 0 | F42: =IF((Metrics!$H$1-180+41)<1,"",INDEX(Calc_Daily!$H$2:$H$2001,(Metrics!$H$1-180+41))) -> 0 | G42: =IF((Metrics!$H$1-180+41)<1,"",INDEX(Calc_Daily!$I$2:$I$2001,(Metrics!$H$1-180+41))) -> 0 | H42: =IF((Metrics!$H$1-180+41)<1,"",INDEX(Calc_Daily!$J$2:$J$2001,(Metrics!$H$1-180+41))) -> 0 | I42: =IF((Metrics!$H$1-180+41)<1,"",INDEX(Calc_Daily!$K$2:$K$2001,(Metrics!$H$1-180+41))) -> 0 | J42: =IF((Metrics!$H$1-180+41)<1,"",INDEX(Calc_Daily!$N$2:$N$2001,(Metrics!$H$1-180+41))) -> 0 | K42: =IF((Metrics!$H$1-180+41)<1,"",70) -> 0 | L42: =IF((Metrics!$H$1-180+41)<1,"",30) -> 0 | M42: =IF((Metrics!$H$1-180+41)<1,"",INDEX(Calc_Daily!$Q$2:$Q$2001,(Metrics!$H$1-180+41))) -> 0 | N42: =IF((Metrics!$H$1-180+41)<1,"",INDEX(Calc_Daily!$R$2:$R$2001,(Metrics!$H$1-180+41))) -> 0 | O42: =IF((Metrics!$H$1-180+41)<1,"",INDEX(Calc_Daily!$S$2:$S$2001,(Metrics!$H$1-180+41))) -> 0 | P42: =IF((Metrics!$H$1-180+41)<1,"",INDEX(Calc_Daily!$AM$2:$AM$2001,(Metrics!$H$1-180+41))) -> 0 | Q42: =IF((Metrics!$H$1-180+41)<1,"",INDEX(Calc_Daily!$AK$2:$AK$2001,(Metrics!$H$1-180+41))) -> 0 | R42: =IF((Metrics!$H$1-180+41)<1,"",INDEX(Calc_Daily!$AN$2:$AN$2001,(Metrics!$H$1-180+41))) -> 0 | S42: =IF((Metrics!$H$1-180+41)<1,"",INDEX(Calc_Daily!$AD$2:$AD$2001,(Metrics!$H$1-180+41))) -> 0 | T42: =IF((Metrics!$H$1-180+41)<1,"",INDEX(Calc_Daily!$AT$2:$AT$2001,(Metrics!$H$1-180+41))) -> 0 | U42: =IF((Metrics!$H$1-180+41)<1,"",INDEX(Calc_Daily!$AQ$2:$AQ$2001,(Metrics!$H$1-180+41))) -> 0 | V42: =IF((Metrics!$H$1-180+41)<1,"",INDEX(Calc_Daily!$AR$2:$AR$2001,(Metrics!$H$1-180+41))) -> 0
A43: =IF((Metrics!$H$1-180+42)<1,"",INDEX(Calc_Daily!$A$2:$A$2001,(Metrics!$H$1-180+42))) -> 0 | B43: =IF((Metrics!$H$1-180+42)<1,"",INDEX(Calc_Daily!$B$2:$B$2001,(Metrics!$H$1-180+42))) -> 0 | C43: =IF((Metrics!$H$1-180+42)<1,"",INDEX(Calc_Daily!$C$2:$C$2001,(Metrics!$H$1-180+42))) -> 0 | D43: =IF((Metrics!$H$1-180+42)<1,"",INDEX(Calc_Daily!$D$2:$D$2001,(Metrics!$H$1-180+42))) -> 0 | E43: =IF((Metrics!$H$1-180+42)<1,"",INDEX(Calc_Daily!$E$2:$E$2001,(Metrics!$H$1-180+42))) -> 0 | F43: =IF((Metrics!$H$1-180+42)<1,"",INDEX(Calc_Daily!$H$2:$H$2001,(Metrics!$H$1-180+42))) -> 0 | G43: =IF((Metrics!$H$1-180+42)<1,"",INDEX(Calc_Daily!$I$2:$I$2001,(Metrics!$H$1-180+42))) -> 0 | H43: =IF((Metrics!$H$1-180+42)<1,"",INDEX(Calc_Daily!$J$2:$J$2001,(Metrics!$H$1-180+42))) -> 0 | I43: =IF((Metrics!$H$1-180+42)<1,"",INDEX(Calc_Daily!$K$2:$K$2001,(Metrics!$H$1-180+42))) -> 0 | J43: =IF((Metrics!$H$1-180+42)<1,"",INDEX(Calc_Daily!$N$2:$N$2001,(Metrics!$H$1-180+42))) -> 0 | K43: =IF((Metrics!$H$1-180+42)<1,"",70) -> 0 | L43: =IF((Metrics!$H$1-180+42)<1,"",30) -> 0 | M43: =IF((Metrics!$H$1-180+42)<1,"",INDEX(Calc_Daily!$Q$2:$Q$2001,(Metrics!$H$1-180+42))) -> 0 | N43: =IF((Metrics!$H$1-180+42)<1,"",INDEX(Calc_Daily!$R$2:$R$2001,(Metrics!$H$1-180+42))) -> 0 | O43: =IF((Metrics!$H$1-180+42)<1,"",INDEX(Calc_Daily!$S$2:$S$2001,(Metrics!$H$1-180+42))) -> 0 | P43: =IF((Metrics!$H$1-180+42)<1,"",INDEX(Calc_Daily!$AM$2:$AM$2001,(Metrics!$H$1-180+42))) -> 0 | Q43: =IF((Metrics!$H$1-180+42)<1,"",INDEX(Calc_Daily!$AK$2:$AK$2001,(Metrics!$H$1-180+42))) -> 0 | R43: =IF((Metrics!$H$1-180+42)<1,"",INDEX(Calc_Daily!$AN$2:$AN$2001,(Metrics!$H$1-180+42))) -> 0 | S43: =IF((Metrics!$H$1-180+42)<1,"",INDEX(Calc_Daily!$AD$2:$AD$2001,(Metrics!$H$1-180+42))) -> 0 | T43: =IF((Metrics!$H$1-180+42)<1,"",INDEX(Calc_Daily!$AT$2:$AT$2001,(Metrics!$H$1-180+42))) -> 0 | U43: =IF((Metrics!$H$1-180+42)<1,"",INDEX(Calc_Daily!$AQ$2:$AQ$2001,(Metrics!$H$1-180+42))) -> 0 | V43: =IF((Metrics!$H$1-180+42)<1,"",INDEX(Calc_Daily!$AR$2:$AR$2001,(Metrics!$H$1-180+42))) -> 0
A44: =IF((Metrics!$H$1-180+43)<1,"",INDEX(Calc_Daily!$A$2:$A$2001,(Metrics!$H$1-180+43))) -> 0 | B44: =IF((Metrics!$H$1-180+43)<1,"",INDEX(Calc_Daily!$B$2:$B$2001,(Metrics!$H$1-180+43))) -> 0 | C44: =IF((Metrics!$H$1-180+43)<1,"",INDEX(Calc_Daily!$C$2:$C$2001,(Metrics!$H$1-180+43))) -> 0 | D44: =IF((Metrics!$H$1-180+43)<1,"",INDEX(Calc_Daily!$D$2:$D$2001,(Metrics!$H$1-180+43))) -> 0 | E44: =IF((Metrics!$H$1-180+43)<1,"",INDEX(Calc_Daily!$E$2:$E$2001,(Metrics!$H$1-180+43))) -> 0 | F44: =IF((Metrics!$H$1-180+43)<1,"",INDEX(Calc_Daily!$H$2:$H$2001,(Metrics!$H$1-180+43))) -> 0 | G44: =IF((Metrics!$H$1-180+43)<1,"",INDEX(Calc_Daily!$I$2:$I$2001,(Metrics!$H$1-180+43))) -> 0 | H44: =IF((Metrics!$H$1-180+43)<1,"",INDEX(Calc_Daily!$J$2:$J$2001,(Metrics!$H$1-180+43))) -> 0 | I44: =IF((Metrics!$H$1-180+43)<1,"",INDEX(Calc_Daily!$K$2:$K$2001,(Metrics!$H$1-180+43))) -> 0 | J44: =IF((Metrics!$H$1-180+43)<1,"",INDEX(Calc_Daily!$N$2:$N$2001,(Metrics!$H$1-180+43))) -> 0 | K44: =IF((Metrics!$H$1-180+43)<1,"",70) -> 0 | L44: =IF((Metrics!$H$1-180+43)<1,"",30) -> 0 | M44: =IF((Metrics!$H$1-180+43)<1,"",INDEX(Calc_Daily!$Q$2:$Q$2001,(Metrics!$H$1-180+43))) -> 0 | N44: =IF((Metrics!$H$1-180+43)<1,"",INDEX(Calc_Daily!$R$2:$R$2001,(Metrics!$H$1-180+43))) -> 0 | O44: =IF((Metrics!$H$1-180+43)<1,"",INDEX(Calc_Daily!$S$2:$S$2001,(Metrics!$H$1-180+43))) -> 0 | P44: =IF((Metrics!$H$1-180+43)<1,"",INDEX(Calc_Daily!$AM$2:$AM$2001,(Metrics!$H$1-180+43))) -> 0 | Q44: =IF((Metrics!$H$1-180+43)<1,"",INDEX(Calc_Daily!$AK$2:$AK$2001,(Metrics!$H$1-180+43))) -> 0 | R44: =IF((Metrics!$H$1-180+43)<1,"",INDEX(Calc_Daily!$AN$2:$AN$2001,(Metrics!$H$1-180+43))) -> 0 | S44: =IF((Metrics!$H$1-180+43)<1,"",INDEX(Calc_Daily!$AD$2:$AD$2001,(Metrics!$H$1-180+43))) -> 0 | T44: =IF((Metrics!$H$1-180+43)<1,"",INDEX(Calc_Daily!$AT$2:$AT$2001,(Metrics!$H$1-180+43))) -> 0 | U44: =IF((Metrics!$H$1-180+43)<1,"",INDEX(Calc_Daily!$AQ$2:$AQ$2001,(Metrics!$H$1-180+43))) -> 0 | V44: =IF((Metrics!$H$1-180+43)<1,"",INDEX(Calc_Daily!$AR$2:$AR$2001,(Metrics!$H$1-180+43))) -> 0
A45: =IF((Metrics!$H$1-180+44)<1,"",INDEX(Calc_Daily!$A$2:$A$2001,(Metrics!$H$1-180+44))) -> 0 | B45: =IF((Metrics!$H$1-180+44)<1,"",INDEX(Calc_Daily!$B$2:$B$2001,(Metrics!$H$1-180+44))) -> 0 | C45: =IF((Metrics!$H$1-180+44)<1,"",INDEX(Calc_Daily!$C$2:$C$2001,(Metrics!$H$1-180+44))) -> 0 | D45: =IF((Metrics!$H$1-180+44)<1,"",INDEX(Calc_Daily!$D$2:$D$2001,(Metrics!$H$1-180+44))) -> 0 | E45: =IF((Metrics!$H$1-180+44)<1,"",INDEX(Calc_Daily!$E$2:$E$2001,(Metrics!$H$1-180+44))) -> 0 | F45: =IF((Metrics!$H$1-180+44)<1,"",INDEX(Calc_Daily!$H$2:$H$2001,(Metrics!$H$1-180+44))) -> 0 | G45: =IF((Metrics!$H$1-180+44)<1,"",INDEX(Calc_Daily!$I$2:$I$2001,(Metrics!$H$1-180+44))) -> 0 | H45: =IF((Metrics!$H$1-180+44)<1,"",INDEX(Calc_Daily!$J$2:$J$2001,(Metrics!$H$1-180+44))) -> 0 | I45: =IF((Metrics!$H$1-180+44)<1,"",INDEX(Calc_Daily!$K$2:$K$2001,(Metrics!$H$1-180+44))) -> 0 | J45: =IF((Metrics!$H$1-180+44)<1,"",INDEX(Calc_Daily!$N$2:$N$2001,(Metrics!$H$1-180+44))) -> 0 | K45: =IF((Metrics!$H$1-180+44)<1,"",70) -> 0 | L45: =IF((Metrics!$H$1-180+44)<1,"",30) -> 0 | M45: =IF((Metrics!$H$1-180+44)<1,"",INDEX(Calc_Daily!$Q$2:$Q$2001,(Metrics!$H$1-180+44))) -> 0 | N45: =IF((Metrics!$H$1-180+44)<1,"",INDEX(Calc_Daily!$R$2:$R$2001,(Metrics!$H$1-180+44))) -> 0 | O45: =IF((Metrics!$H$1-180+44)<1,"",INDEX(Calc_Daily!$S$2:$S$2001,(Metrics!$H$1-180+44))) -> 0 | P45: =IF((Metrics!$H$1-180+44)<1,"",INDEX(Calc_Daily!$AM$2:$AM$2001,(Metrics!$H$1-180+44))) -> 0 | Q45: =IF((Metrics!$H$1-180+44)<1,"",INDEX(Calc_Daily!$AK$2:$AK$2001,(Metrics!$H$1-180+44))) -> 0 | R45: =IF((Metrics!$H$1-180+44)<1,"",INDEX(Calc_Daily!$AN$2:$AN$2001,(Metrics!$H$1-180+44))) -> 0 | S45: =IF((Metrics!$H$1-180+44)<1,"",INDEX(Calc_Daily!$AD$2:$AD$2001,(Metrics!$H$1-180+44))) -> 0 | T45: =IF((Metrics!$H$1-180+44)<1,"",INDEX(Calc_Daily!$AT$2:$AT$2001,(Metrics!$H$1-180+44))) -> 0 | U45: =IF((Metrics!$H$1-180+44)<1,"",INDEX(Calc_Daily!$AQ$2:$AQ$2001,(Metrics!$H$1-180+44))) -> 0 | V45: =IF((Metrics!$H$1-180+44)<1,"",INDEX(Calc_Daily!$AR$2:$AR$2001,(Metrics!$H$1-180+44))) -> 0
A46: =IF((Metrics!$H$1-180+45)<1,"",INDEX(Calc_Daily!$A$2:$A$2001,(Metrics!$H$1-180+45))) -> 0 | B46: =IF((Metrics!$H$1-180+45)<1,"",INDEX(Calc_Daily!$B$2:$B$2001,(Metrics!$H$1-180+45))) -> 0 | C46: =IF((Metrics!$H$1-180+45)<1,"",INDEX(Calc_Daily!$C$2:$C$2001,(Metrics!$H$1-180+45))) -> 0 | D46: =IF((Metrics!$H$1-180+45)<1,"",INDEX(Calc_Daily!$D$2:$D$2001,(Metrics!$H$1-180+45))) -> 0 | E46: =IF((Metrics!$H$1-180+45)<1,"",INDEX(Calc_Daily!$E$2:$E$2001,(Metrics!$H$1-180+45))) -> 0 | F46: =IF((Metrics!$H$1-180+45)<1,"",INDEX(Calc_Daily!$H$2:$H$2001,(Metrics!$H$1-180+45))) -> 0 | G46: =IF((Metrics!$H$1-180+45)<1,"",INDEX(Calc_Daily!$I$2:$I$2001,(Metrics!$H$1-180+45))) -> 0 | H46: =IF((Metrics!$H$1-180+45)<1,"",INDEX(Calc_Daily!$J$2:$J$2001,(Metrics!$H$1-180+45))) -> 0 | I46: =IF((Metrics!$H$1-180+45)<1,"",INDEX(Calc_Daily!$K$2:$K$2001,(Metrics!$H$1-180+45))) -> 0 | J46: =IF((Metrics!$H$1-180+45)<1,"",INDEX(Calc_Daily!$N$2:$N$2001,(Metrics!$H$1-180+45))) -> 0 | K46: =IF((Metrics!$H$1-180+45)<1,"",70) -> 0 | L46: =IF((Metrics!$H$1-180+45)<1,"",30) -> 0 | M46: =IF((Metrics!$H$1-180+45)<1,"",INDEX(Calc_Daily!$Q$2:$Q$2001,(Metrics!$H$1-180+45))) -> 0 | N46: =IF((Metrics!$H$1-180+45)<1,"",INDEX(Calc_Daily!$R$2:$R$2001,(Metrics!$H$1-180+45))) -> 0 | O46: =IF((Metrics!$H$1-180+45)<1,"",INDEX(Calc_Daily!$S$2:$S$2001,(Metrics!$H$1-180+45))) -> 0 | P46: =IF((Metrics!$H$1-180+45)<1,"",INDEX(Calc_Daily!$AM$2:$AM$2001,(Metrics!$H$1-180+45))) -> 0 | Q46: =IF((Metrics!$H$1-180+45)<1,"",INDEX(Calc_Daily!$AK$2:$AK$2001,(Metrics!$H$1-180+45))) -> 0 | R46: =IF((Metrics!$H$1-180+45)<1,"",INDEX(Calc_Daily!$AN$2:$AN$2001,(Metrics!$H$1-180+45))) -> 0 | S46: =IF((Metrics!$H$1-180+45)<1,"",INDEX(Calc_Daily!$AD$2:$AD$2001,(Metrics!$H$1-180+45))) -> 0 | T46: =IF((Metrics!$H$1-180+45)<1,"",INDEX(Calc_Daily!$AT$2:$AT$2001,(Metrics!$H$1-180+45))) -> 0 | U46: =IF((Metrics!$H$1-180+45)<1,"",INDEX(Calc_Daily!$AQ$2:$AQ$2001,(Metrics!$H$1-180+45))) -> 0 | V46: =IF((Metrics!$H$1-180+45)<1,"",INDEX(Calc_Daily!$AR$2:$AR$2001,(Metrics!$H$1-180+45))) -> 0
A47: =IF((Metrics!$H$1-180+46)<1,"",INDEX(Calc_Daily!$A$2:$A$2001,(Metrics!$H$1-180+46))) -> 0 | B47: =IF((Metrics!$H$1-180+46)<1,"",INDEX(Calc_Daily!$B$2:$B$2001,(Metrics!$H$1-180+46))) -> 0 | C47: =IF((Metrics!$H$1-180+46)<1,"",INDEX(Calc_Daily!$C$2:$C$2001,(Metrics!$H$1-180+46))) -> 0 | D47: =IF((Metrics!$H$1-180+46)<1,"",INDEX(Calc_Daily!$D$2:$D$2001,(Metrics!$H$1-180+46))) -> 0 | E47: =IF((Metrics!$H$1-180+46)<1,"",INDEX(Calc_Daily!$E$2:$E$2001,(Metrics!$H$1-180+46))) -> 0 | F47: =IF((Metrics!$H$1-180+46)<1,"",INDEX(Calc_Daily!$H$2:$H$2001,(Metrics!$H$1-180+46))) -> 0 | G47: =IF((Metrics!$H$1-180+46)<1,"",INDEX(Calc_Daily!$I$2:$I$2001,(Metrics!$H$1-180+46))) -> 0 | H47: =IF((Metrics!$H$1-180+46)<1,"",INDEX(Calc_Daily!$J$2:$J$2001,(Metrics!$H$1-180+46))) -> 0 | I47: =IF((Metrics!$H$1-180+46)<1,"",INDEX(Calc_Daily!$K$2:$K$2001,(Metrics!$H$1-180+46))) -> 0 | J47: =IF((Metrics!$H$1-180+46)<1,"",INDEX(Calc_Daily!$N$2:$N$2001,(Metrics!$H$1-180+46))) -> 0 | K47: =IF((Metrics!$H$1-180+46)<1,"",70) -> 0 | L47: =IF((Metrics!$H$1-180+46)<1,"",30) -> 0 | M47: =IF((Metrics!$H$1-180+46)<1,"",INDEX(Calc_Daily!$Q$2:$Q$2001,(Metrics!$H$1-180+46))) -> 0 | N47: =IF((Metrics!$H$1-180+46)<1,"",INDEX(Calc_Daily!$R$2:$R$2001,(Metrics!$H$1-180+46))) -> 0 | O47: =IF((Metrics!$H$1-180+46)<1,"",INDEX(Calc_Daily!$S$2:$S$2001,(Metrics!$H$1-180+46))) -> 0 | P47: =IF((Metrics!$H$1-180+46)<1,"",INDEX(Calc_Daily!$AM$2:$AM$2001,(Metrics!$H$1-180+46))) -> 0 | Q47: =IF((Metrics!$H$1-180+46)<1,"",INDEX(Calc_Daily!$AK$2:$AK$2001,(Metrics!$H$1-180+46))) -> 0 | R47: =IF((Metrics!$H$1-180+46)<1,"",INDEX(Calc_Daily!$AN$2:$AN$2001,(Metrics!$H$1-180+46))) -> 0 | S47: =IF((Metrics!$H$1-180+46)<1,"",INDEX(Calc_Daily!$AD$2:$AD$2001,(Metrics!$H$1-180+46))) -> 0 | T47: =IF((Metrics!$H$1-180+46)<1,"",INDEX(Calc_Daily!$AT$2:$AT$2001,(Metrics!$H$1-180+46))) -> 0 | U47: =IF((Metrics!$H$1-180+46)<1,"",INDEX(Calc_Daily!$AQ$2:$AQ$2001,(Metrics!$H$1-180+46))) -> 0 | V47: =IF((Metrics!$H$1-180+46)<1,"",INDEX(Calc_Daily!$AR$2:$AR$2001,(Metrics!$H$1-180+46))) -> 0
A48: =IF((Metrics!$H$1-180+47)<1,"",INDEX(Calc_Daily!$A$2:$A$2001,(Metrics!$H$1-180+47))) -> 0 | B48: =IF((Metrics!$H$1-180+47)<1,"",INDEX(Calc_Daily!$B$2:$B$2001,(Metrics!$H$1-180+47))) -> 0 | C48: =IF((Metrics!$H$1-180+47)<1,"",INDEX(Calc_Daily!$C$2:$C$2001,(Metrics!$H$1-180+47))) -> 0 | D48: =IF((Metrics!$H$1-180+47)<1,"",INDEX(Calc_Daily!$D$2:$D$2001,(Metrics!$H$1-180+47))) -> 0 | E48: =IF((Metrics!$H$1-180+47)<1,"",INDEX(Calc_Daily!$E$2:$E$2001,(Metrics!$H$1-180+47))) -> 0 | F48: =IF((Metrics!$H$1-180+47)<1,"",INDEX(Calc_Daily!$H$2:$H$2001,(Metrics!$H$1-180+47))) -> 0 | G48: =IF((Metrics!$H$1-180+47)<1,"",INDEX(Calc_Daily!$I$2:$I$2001,(Metrics!$H$1-180+47))) -> 0 | H48: =IF((Metrics!$H$1-180+47)<1,"",INDEX(Calc_Daily!$J$2:$J$2001,(Metrics!$H$1-180+47))) -> 0 | I48: =IF((Metrics!$H$1-180+47)<1,"",INDEX(Calc_Daily!$K$2:$K$2001,(Metrics!$H$1-180+47))) -> 0 | J48: =IF((Metrics!$H$1-180+47)<1,"",INDEX(Calc_Daily!$N$2:$N$2001,(Metrics!$H$1-180+47))) -> 0 | K48: =IF((Metrics!$H$1-180+47)<1,"",70) -> 0 | L48: =IF((Metrics!$H$1-180+47)<1,"",30) -> 0 | M48: =IF((Metrics!$H$1-180+47)<1,"",INDEX(Calc_Daily!$Q$2:$Q$2001,(Metrics!$H$1-180+47))) -> 0 | N48: =IF((Metrics!$H$1-180+47)<1,"",INDEX(Calc_Daily!$R$2:$R$2001,(Metrics!$H$1-180+47))) -> 0 | O48: =IF((Metrics!$H$1-180+47)<1,"",INDEX(Calc_Daily!$S$2:$S$2001,(Metrics!$H$1-180+47))) -> 0 | P48: =IF((Metrics!$H$1-180+47)<1,"",INDEX(Calc_Daily!$AM$2:$AM$2001,(Metrics!$H$1-180+47))) -> 0 | Q48: =IF((Metrics!$H$1-180+47)<1,"",INDEX(Calc_Daily!$AK$2:$AK$2001,(Metrics!$H$1-180+47))) -> 0 | R48: =IF((Metrics!$H$1-180+47)<1,"",INDEX(Calc_Daily!$AN$2:$AN$2001,(Metrics!$H$1-180+47))) -> 0 | S48: =IF((Metrics!$H$1-180+47)<1,"",INDEX(Calc_Daily!$AD$2:$AD$2001,(Metrics!$H$1-180+47))) -> 0 | T48: =IF((Metrics!$H$1-180+47)<1,"",INDEX(Calc_Daily!$AT$2:$AT$2001,(Metrics!$H$1-180+47))) -> 0 | U48: =IF((Metrics!$H$1-180+47)<1,"",INDEX(Calc_Daily!$AQ$2:$AQ$2001,(Metrics!$H$1-180+47))) -> 0 | V48: =IF((Metrics!$H$1-180+47)<1,"",INDEX(Calc_Daily!$AR$2:$AR$2001,(Metrics!$H$1-180+47))) -> 0
A49: =IF((Metrics!$H$1-180+48)<1,"",INDEX(Calc_Daily!$A$2:$A$2001,(Metrics!$H$1-180+48))) -> 0 | B49: =IF((Metrics!$H$1-180+48)<1,"",INDEX(Calc_Daily!$B$2:$B$2001,(Metrics!$H$1-180+48))) -> 0 | C49: =IF((Metrics!$H$1-180+48)<1,"",INDEX(Calc_Daily!$C$2:$C$2001,(Metrics!$H$1-180+48))) -> 0 | D49: =IF((Metrics!$H$1-180+48)<1,"",INDEX(Calc_Daily!$D$2:$D$2001,(Metrics!$H$1-180+48))) -> 0 | E49: =IF((Metrics!$H$1-180+48)<1,"",INDEX(Calc_Daily!$E$2:$E$2001,(Metrics!$H$1-180+48))) -> 0 | F49: =IF((Metrics!$H$1-180+48)<1,"",INDEX(Calc_Daily!$H$2:$H$2001,(Metrics!$H$1-180+48))) -> 0 | G49: =IF((Metrics!$H$1-180+48)<1,"",INDEX(Calc_Daily!$I$2:$I$2001,(Metrics!$H$1-180+48))) -> 0 | H49: =IF((Metrics!$H$1-180+48)<1,"",INDEX(Calc_Daily!$J$2:$J$2001,(Metrics!$H$1-180+48))) -> 0 | I49: =IF((Metrics!$H$1-180+48)<1,"",INDEX(Calc_Daily!$K$2:$K$2001,(Metrics!$H$1-180+48))) -> 0 | J49: =IF((Metrics!$H$1-180+48)<1,"",INDEX(Calc_Daily!$N$2:$N$2001,(Metrics!$H$1-180+48))) -> 0 | K49: =IF((Metrics!$H$1-180+48)<1,"",70) -> 0 | L49: =IF((Metrics!$H$1-180+48)<1,"",30) -> 0 | M49: =IF((Metrics!$H$1-180+48)<1,"",INDEX(Calc_Daily!$Q$2:$Q$2001,(Metrics!$H$1-180+48))) -> 0 | N49: =IF((Metrics!$H$1-180+48)<1,"",INDEX(Calc_Daily!$R$2:$R$2001,(Metrics!$H$1-180+48))) -> 0 | O49: =IF((Metrics!$H$1-180+48)<1,"",INDEX(Calc_Daily!$S$2:$S$2001,(Metrics!$H$1-180+48))) -> 0 | P49: =IF((Metrics!$H$1-180+48)<1,"",INDEX(Calc_Daily!$AM$2:$AM$2001,(Metrics!$H$1-180+48))) -> 0 | Q49: =IF((Metrics!$H$1-180+48)<1,"",INDEX(Calc_Daily!$AK$2:$AK$2001,(Metrics!$H$1-180+48))) -> 0 | R49: =IF((Metrics!$H$1-180+48)<1,"",INDEX(Calc_Daily!$AN$2:$AN$2001,(Metrics!$H$1-180+48))) -> 0 | S49: =IF((Metrics!$H$1-180+48)<1,"",INDEX(Calc_Daily!$AD$2:$AD$2001,(Metrics!$H$1-180+48))) -> 0 | T49: =IF((Metrics!$H$1-180+48)<1,"",INDEX(Calc_Daily!$AT$2:$AT$2001,(Metrics!$H$1-180+48))) -> 0 | U49: =IF((Metrics!$H$1-180+48)<1,"",INDEX(Calc_Daily!$AQ$2:$AQ$2001,(Metrics!$H$1-180+48))) -> 0 | V49: =IF((Metrics!$H$1-180+48)<1,"",INDEX(Calc_Daily!$AR$2:$AR$2001,(Metrics!$H$1-180+48))) -> 0
A50: =IF((Metrics!$H$1-180+49)<1,"",INDEX(Calc_Daily!$A$2:$A$2001,(Metrics!$H$1-180+49))) -> 0 | B50: =IF((Metrics!$H$1-180+49)<1,"",INDEX(Calc_Daily!$B$2:$B$2001,(Metrics!$H$1-180+49))) -> 0 | C50: =IF((Metrics!$H$1-180+49)<1,"",INDEX(Calc_Daily!$C$2:$C$2001,(Metrics!$H$1-180+49))) -> 0 | D50: =IF((Metrics!$H$1-180+49)<1,"",INDEX(Calc_Daily!$D$2:$D$2001,(Metrics!$H$1-180+49))) -> 0 | E50: =IF((Metrics!$H$1-180+49)<1,"",INDEX(Calc_Daily!$E$2:$E$2001,(Metrics!$H$1-180+49))) -> 0 | F50: =IF((Metrics!$H$1-180+49)<1,"",INDEX(Calc_Daily!$H$2:$H$2001,(Metrics!$H$1-180+49))) -> 0 | G50: =IF((Metrics!$H$1-180+49)<1,"",INDEX(Calc_Daily!$I$2:$I$2001,(Metrics!$H$1-180+49))) -> 0 | H50: =IF((Metrics!$H$1-180+49)<1,"",INDEX(Calc_Daily!$J$2:$J$2001,(Metrics!$H$1-180+49))) -> 0 | I50: =IF((Metrics!$H$1-180+49)<1,"",INDEX(Calc_Daily!$K$2:$K$2001,(Metrics!$H$1-180+49))) -> 0 | J50: =IF((Metrics!$H$1-180+49)<1,"",INDEX(Calc_Daily!$N$2:$N$2001,(Metrics!$H$1-180+49))) -> 0 | K50: =IF((Metrics!$H$1-180+49)<1,"",70) -> 0 | L50: =IF((Metrics!$H$1-180+49)<1,"",30) -> 0 | M50: =IF((Metrics!$H$1-180+49)<1,"",INDEX(Calc_Daily!$Q$2:$Q$2001,(Metrics!$H$1-180+49))) -> 0 | N50: =IF((Metrics!$H$1-180+49)<1,"",INDEX(Calc_Daily!$R$2:$R$2001,(Metrics!$H$1-180+49))) -> 0 | O50: =IF((Metrics!$H$1-180+49)<1,"",INDEX(Calc_Daily!$S$2:$S$2001,(Metrics!$H$1-180+49))) -> 0 | P50: =IF((Metrics!$H$1-180+49)<1,"",INDEX(Calc_Daily!$AM$2:$AM$2001,(Metrics!$H$1-180+49))) -> 0 | Q50: =IF((Metrics!$H$1-180+49)<1,"",INDEX(Calc_Daily!$AK$2:$AK$2001,(Metrics!$H$1-180+49))) -> 0 | R50: =IF((Metrics!$H$1-180+49)<1,"",INDEX(Calc_Daily!$AN$2:$AN$2001,(Metrics!$H$1-180+49))) -> 0 | S50: =IF((Metrics!$H$1-180+49)<1,"",INDEX(Calc_Daily!$AD$2:$AD$2001,(Metrics!$H$1-180+49))) -> 0 | T50: =IF((Metrics!$H$1-180+49)<1,"",INDEX(Calc_Daily!$AT$2:$AT$2001,(Metrics!$H$1-180+49))) -> 0 | U50: =IF((Metrics!$H$1-180+49)<1,"",INDEX(Calc_Daily!$AQ$2:$AQ$2001,(Metrics!$H$1-180+49))) -> 0 | V50: =IF((Metrics!$H$1-180+49)<1,"",INDEX(Calc_Daily!$AR$2:$AR$2001,(Metrics!$H$1-180+49))) -> 0
A51: =IF((Metrics!$H$1-180+50)<1,"",INDEX(Calc_Daily!$A$2:$A$2001,(Metrics!$H$1-180+50))) -> 0 | B51: =IF((Metrics!$H$1-180+50)<1,"",INDEX(Calc_Daily!$B$2:$B$2001,(Metrics!$H$1-180+50))) -> 0 | C51: =IF((Metrics!$H$1-180+50)<1,"",INDEX(Calc_Daily!$C$2:$C$2001,(Metrics!$H$1-180+50))) -> 0 | D51: =IF((Metrics!$H$1-180+50)<1,"",INDEX(Calc_Daily!$D$2:$D$2001,(Metrics!$H$1-180+50))) -> 0 | E51: =IF((Metrics!$H$1-180+50)<1,"",INDEX(Calc_Daily!$E$2:$E$2001,(Metrics!$H$1-180+50))) -> 0 | F51: =IF((Metrics!$H$1-180+50)<1,"",INDEX(Calc_Daily!$H$2:$H$2001,(Metrics!$H$1-180+50))) -> 0 | G51: =IF((Metrics!$H$1-180+50)<1,"",INDEX(Calc_Daily!$I$2:$I$2001,(Metrics!$H$1-180+50))) -> 0 | H51: =IF((Metrics!$H$1-180+50)<1,"",INDEX(Calc_Daily!$J$2:$J$2001,(Metrics!$H$1-180+50))) -> 0 | I51: =IF((Metrics!$H$1-180+50)<1,"",INDEX(Calc_Daily!$K$2:$K$2001,(Metrics!$H$1-180+50))) -> 0 | J51: =IF((Metrics!$H$1-180+50)<1,"",INDEX(Calc_Daily!$N$2:$N$2001,(Metrics!$H$1-180+50))) -> 0 | K51: =IF((Metrics!$H$1-180+50)<1,"",70) -> 0 | L51: =IF((Metrics!$H$1-180+50)<1,"",30) -> 0 | M51: =IF((Metrics!$H$1-180+50)<1,"",INDEX(Calc_Daily!$Q$2:$Q$2001,(Metrics!$H$1-180+50))) -> 0 | N51: =IF((Metrics!$H$1-180+50)<1,"",INDEX(Calc_Daily!$R$2:$R$2001,(Metrics!$H$1-180+50))) -> 0 | O51: =IF((Metrics!$H$1-180+50)<1,"",INDEX(Calc_Daily!$S$2:$S$2001,(Metrics!$H$1-180+50))) -> 0 | P51: =IF((Metrics!$H$1-180+50)<1,"",INDEX(Calc_Daily!$AM$2:$AM$2001,(Metrics!$H$1-180+50))) -> 0 | Q51: =IF((Metrics!$H$1-180+50)<1,"",INDEX(Calc_Daily!$AK$2:$AK$2001,(Metrics!$H$1-180+50))) -> 0 | R51: =IF((Metrics!$H$1-180+50)<1,"",INDEX(Calc_Daily!$AN$2:$AN$2001,(Metrics!$H$1-180+50))) -> 0 | S51: =IF((Metrics!$H$1-180+50)<1,"",INDEX(Calc_Daily!$AD$2:$AD$2001,(Metrics!$H$1-180+50))) -> 0 | T51: =IF((Metrics!$H$1-180+50)<1,"",INDEX(Calc_Daily!$AT$2:$AT$2001,(Metrics!$H$1-180+50))) -> 0 | U51: =IF((Metrics!$H$1-180+50)<1,"",INDEX(Calc_Daily!$AQ$2:$AQ$2001,(Metrics!$H$1-180+50))) -> 0 | V51: =IF((Metrics!$H$1-180+50)<1,"",INDEX(Calc_Daily!$AR$2:$AR$2001,(Metrics!$H$1-180+50))) -> 0
A52: =IF((Metrics!$H$1-180+51)<1,"",INDEX(Calc_Daily!$A$2:$A$2001,(Metrics!$H$1-180+51))) -> 0 | B52: =IF((Metrics!$H$1-180+51)<1,"",INDEX(Calc_Daily!$B$2:$B$2001,(Metrics!$H$1-180+51))) -> 0 | C52: =IF((Metrics!$H$1-180+51)<1,"",INDEX(Calc_Daily!$C$2:$C$2001,(Metrics!$H$1-180+51))) -> 0 | D52: =IF((Metrics!$H$1-180+51)<1,"",INDEX(Calc_Daily!$D$2:$D$2001,(Metrics!$H$1-180+51))) -> 0 | E52: =IF((Metrics!$H$1-180+51)<1,"",INDEX(Calc_Daily!$E$2:$E$2001,(Metrics!$H$1-180+51))) -> 0 | F52: =IF((Metrics!$H$1-180+51)<1,"",INDEX(Calc_Daily!$H$2:$H$2001,(Metrics!$H$1-180+51))) -> 0 | G52: =IF((Metrics!$H$1-180+51)<1,"",INDEX(Calc_Daily!$I$2:$I$2001,(Metrics!$H$1-180+51))) -> 0 | H52: =IF((Metrics!$H$1-180+51)<1,"",INDEX(Calc_Daily!$J$2:$J$2001,(Metrics!$H$1-180+51))) -> 0 | I52: =IF((Metrics!$H$1-180+51)<1,"",INDEX(Calc_Daily!$K$2:$K$2001,(Metrics!$H$1-180+51))) -> 0 | J52: =IF((Metrics!$H$1-180+51)<1,"",INDEX(Calc_Daily!$N$2:$N$2001,(Metrics!$H$1-180+51))) -> 0 | K52: =IF((Metrics!$H$1-180+51)<1,"",70) -> 0 | L52: =IF((Metrics!$H$1-180+51)<1,"",30) -> 0 | M52: =IF((Metrics!$H$1-180+51)<1,"",INDEX(Calc_Daily!$Q$2:$Q$2001,(Metrics!$H$1-180+51))) -> 0 | N52: =IF((Metrics!$H$1-180+51)<1,"",INDEX(Calc_Daily!$R$2:$R$2001,(Metrics!$H$1-180+51))) -> 0 | O52: =IF((Metrics!$H$1-180+51)<1,"",INDEX(Calc_Daily!$S$2:$S$2001,(Metrics!$H$1-180+51))) -> 0 | P52: =IF((Metrics!$H$1-180+51)<1,"",INDEX(Calc_Daily!$AM$2:$AM$2001,(Metrics!$H$1-180+51))) -> 0 | Q52: =IF((Metrics!$H$1-180+51)<1,"",INDEX(Calc_Daily!$AK$2:$AK$2001,(Metrics!$H$1-180+51))) -> 0 | R52: =IF((Metrics!$H$1-180+51)<1,"",INDEX(Calc_Daily!$AN$2:$AN$2001,(Metrics!$H$1-180+51))) -> 0 | S52: =IF((Metrics!$H$1-180+51)<1,"",INDEX(Calc_Daily!$AD$2:$AD$2001,(Metrics!$H$1-180+51))) -> 0 | T52: =IF((Metrics!$H$1-180+51)<1,"",INDEX(Calc_Daily!$AT$2:$AT$2001,(Metrics!$H$1-180+51))) -> 0 | U52: =IF((Metrics!$H$1-180+51)<1,"",INDEX(Calc_Daily!$AQ$2:$AQ$2001,(Metrics!$H$1-180+51))) -> 0 | V52: =IF((Metrics!$H$1-180+51)<1,"",INDEX(Calc_Daily!$AR$2:$AR$2001,(Metrics!$H$1-180+51))) -> 0
A53: =IF((Metrics!$H$1-180+52)<1,"",INDEX(Calc_Daily!$A$2:$A$2001,(Metrics!$H$1-180+52))) -> 0 | B53: =IF((Metrics!$H$1-180+52)<1,"",INDEX(Calc_Daily!$B$2:$B$2001,(Metrics!$H$1-180+52))) -> 0 | C53: =IF((Metrics!$H$1-180+52)<1,"",INDEX(Calc_Daily!$C$2:$C$2001,(Metrics!$H$1-180+52))) -> 0 | D53: =IF((Metrics!$H$1-180+52)<1,"",INDEX(Calc_Daily!$D$2:$D$2001,(Metrics!$H$1-180+52))) -> 0 | E53: =IF((Metrics!$H$1-180+52)<1,"",INDEX(Calc_Daily!$E$2:$E$2001,(Metrics!$H$1-180+52))) -> 0 | F53: =IF((Metrics!$H$1-180+52)<1,"",INDEX(Calc_Daily!$H$2:$H$2001,(Metrics!$H$1-180+52))) -> 0 | G53: =IF((Metrics!$H$1-180+52)<1,"",INDEX(Calc_Daily!$I$2:$I$2001,(Metrics!$H$1-180+52))) -> 0 | H53: =IF((Metrics!$H$1-180+52)<1,"",INDEX(Calc_Daily!$J$2:$J$2001,(Metrics!$H$1-180+52))) -> 0 | I53: =IF((Metrics!$H$1-180+52)<1,"",INDEX(Calc_Daily!$K$2:$K$2001,(Metrics!$H$1-180+52))) -> 0 | J53: =IF((Metrics!$H$1-180+52)<1,"",INDEX(Calc_Daily!$N$2:$N$2001,(Metrics!$H$1-180+52))) -> 0 | K53: =IF((Metrics!$H$1-180+52)<1,"",70) -> 0 | L53: =IF((Metrics!$H$1-180+52)<1,"",30) -> 0 | M53: =IF((Metrics!$H$1-180+52)<1,"",INDEX(Calc_Daily!$Q$2:$Q$2001,(Metrics!$H$1-180+52))) -> 0 | N53: =IF((Metrics!$H$1-180+52)<1,"",INDEX(Calc_Daily!$R$2:$R$2001,(Metrics!$H$1-180+52))) -> 0 | O53: =IF((Metrics!$H$1-180+52)<1,"",INDEX(Calc_Daily!$S$2:$S$2001,(Metrics!$H$1-180+52))) -> 0 | P53: =IF((Metrics!$H$1-180+52)<1,"",INDEX(Calc_Daily!$AM$2:$AM$2001,(Metrics!$H$1-180+52))) -> 0 | Q53: =IF((Metrics!$H$1-180+52)<1,"",INDEX(Calc_Daily!$AK$2:$AK$2001,(Metrics!$H$1-180+52))) -> 0 | R53: =IF((Metrics!$H$1-180+52)<1,"",INDEX(Calc_Daily!$AN$2:$AN$2001,(Metrics!$H$1-180+52))) -> 0 | S53: =IF((Metrics!$H$1-180+52)<1,"",INDEX(Calc_Daily!$AD$2:$AD$2001,(Metrics!$H$1-180+52))) -> 0 | T53: =IF((Metrics!$H$1-180+52)<1,"",INDEX(Calc_Daily!$AT$2:$AT$2001,(Metrics!$H$1-180+52))) -> 0 | U53: =IF((Metrics!$H$1-180+52)<1,"",INDEX(Calc_Daily!$AQ$2:$AQ$2001,(Metrics!$H$1-180+52))) -> 0 | V53: =IF((Metrics!$H$1-180+52)<1,"",INDEX(Calc_Daily!$AR$2:$AR$2001,(Metrics!$H$1-180+52))) -> 0
A54: =IF((Metrics!$H$1-180+53)<1,"",INDEX(Calc_Daily!$A$2:$A$2001,(Metrics!$H$1-180+53))) -> 0 | B54: =IF((Metrics!$H$1-180+53)<1,"",INDEX(Calc_Daily!$B$2:$B$2001,(Metrics!$H$1-180+53))) -> 0 | C54: =IF((Metrics!$H$1-180+53)<1,"",INDEX(Calc_Daily!$C$2:$C$2001,(Metrics!$H$1-180+53))) -> 0 | D54: =IF((Metrics!$H$1-180+53)<1,"",INDEX(Calc_Daily!$D$2:$D$2001,(Metrics!$H$1-180+53))) -> 0 | E54: =IF((Metrics!$H$1-180+53)<1,"",INDEX(Calc_Daily!$E$2:$E$2001,(Metrics!$H$1-180+53))) -> 0 | F54: =IF((Metrics!$H$1-180+53)<1,"",INDEX(Calc_Daily!$H$2:$H$2001,(Metrics!$H$1-180+53))) -> 0 | G54: =IF((Metrics!$H$1-180+53)<1,"",INDEX(Calc_Daily!$I$2:$I$2001,(Metrics!$H$1-180+53))) -> 0 | H54: =IF((Metrics!$H$1-180+53)<1,"",INDEX(Calc_Daily!$J$2:$J$2001,(Metrics!$H$1-180+53))) -> 0 | I54: =IF((Metrics!$H$1-180+53)<1,"",INDEX(Calc_Daily!$K$2:$K$2001,(Metrics!$H$1-180+53))) -> 0 | J54: =IF((Metrics!$H$1-180+53)<1,"",INDEX(Calc_Daily!$N$2:$N$2001,(Metrics!$H$1-180+53))) -> 0 | K54: =IF((Metrics!$H$1-180+53)<1,"",70) -> 0 | L54: =IF((Metrics!$H$1-180+53)<1,"",30) -> 0 | M54: =IF((Metrics!$H$1-180+53)<1,"",INDEX(Calc_Daily!$Q$2:$Q$2001,(Metrics!$H$1-180+53))) -> 0 | N54: =IF((Metrics!$H$1-180+53)<1,"",INDEX(Calc_Daily!$R$2:$R$2001,(Metrics!$H$1-180+53))) -> 0 | O54: =IF((Metrics!$H$1-180+53)<1,"",INDEX(Calc_Daily!$S$2:$S$2001,(Metrics!$H$1-180+53))) -> 0 | P54: =IF((Metrics!$H$1-180+53)<1,"",INDEX(Calc_Daily!$AM$2:$AM$2001,(Metrics!$H$1-180+53))) -> 0 | Q54: =IF((Metrics!$H$1-180+53)<1,"",INDEX(Calc_Daily!$AK$2:$AK$2001,(Metrics!$H$1-180+53))) -> 0 | R54: =IF((Metrics!$H$1-180+53)<1,"",INDEX(Calc_Daily!$AN$2:$AN$2001,(Metrics!$H$1-180+53))) -> 0 | S54: =IF((Metrics!$H$1-180+53)<1,"",INDEX(Calc_Daily!$AD$2:$AD$2001,(Metrics!$H$1-180+53))) -> 0 | T54: =IF((Metrics!$H$1-180+53)<1,"",INDEX(Calc_Daily!$AT$2:$AT$2001,(Metrics!$H$1-180+53))) -> 0 | U54: =IF((Metrics!$H$1-180+53)<1,"",INDEX(Calc_Daily!$AQ$2:$AQ$2001,(Metrics!$H$1-180+53))) -> 0 | V54: =IF((Metrics!$H$1-180+53)<1,"",INDEX(Calc_Daily!$AR$2:$AR$2001,(Metrics!$H$1-180+53))) -> 0
A55: =IF((Metrics!$H$1-180+54)<1,"",INDEX(Calc_Daily!$A$2:$A$2001,(Metrics!$H$1-180+54))) -> 0 | B55: =IF((Metrics!$H$1-180+54)<1,"",INDEX(Calc_Daily!$B$2:$B$2001,(Metrics!$H$1-180+54))) -> 0 | C55: =IF((Metrics!$H$1-180+54)<1,"",INDEX(Calc_Daily!$C$2:$C$2001,(Metrics!$H$1-180+54))) -> 0 | D55: =IF((Metrics!$H$1-180+54)<1,"",INDEX(Calc_Daily!$D$2:$D$2001,(Metrics!$H$1-180+54))) -> 0 | E55: =IF((Metrics!$H$1-180+54)<1,"",INDEX(Calc_Daily!$E$2:$E$2001,(Metrics!$H$1-180+54))) -> 0 | F55: =IF((Metrics!$H$1-180+54)<1,"",INDEX(Calc_Daily!$H$2:$H$2001,(Metrics!$H$1-180+54))) -> 0 | G55: =IF((Metrics!$H$1-180+54)<1,"",INDEX(Calc_Daily!$I$2:$I$2001,(Metrics!$H$1-180+54))) -> 0 | H55: =IF((Metrics!$H$1-180+54)<1,"",INDEX(Calc_Daily!$J$2:$J$2001,(Metrics!$H$1-180+54))) -> 0 | I55: =IF((Metrics!$H$1-180+54)<1,"",INDEX(Calc_Daily!$K$2:$K$2001,(Metrics!$H$1-180+54))) -> 0 | J55: =IF((Metrics!$H$1-180+54)<1,"",INDEX(Calc_Daily!$N$2:$N$2001,(Metrics!$H$1-180+54))) -> 0 | K55: =IF((Metrics!$H$1-180+54)<1,"",70) -> 0 | L55: =IF((Metrics!$H$1-180+54)<1,"",30) -> 0 | M55: =IF((Metrics!$H$1-180+54)<1,"",INDEX(Calc_Daily!$Q$2:$Q$2001,(Metrics!$H$1-180+54))) -> 0 | N55: =IF((Metrics!$H$1-180+54)<1,"",INDEX(Calc_Daily!$R$2:$R$2001,(Metrics!$H$1-180+54))) -> 0 | O55: =IF((Metrics!$H$1-180+54)<1,"",INDEX(Calc_Daily!$S$2:$S$2001,(Metrics!$H$1-180+54))) -> 0 | P55: =IF((Metrics!$H$1-180+54)<1,"",INDEX(Calc_Daily!$AM$2:$AM$2001,(Metrics!$H$1-180+54))) -> 0 | Q55: =IF((Metrics!$H$1-180+54)<1,"",INDEX(Calc_Daily!$AK$2:$AK$2001,(Metrics!$H$1-180+54))) -> 0 | R55: =IF((Metrics!$H$1-180+54)<1,"",INDEX(Calc_Daily!$AN$2:$AN$2001,(Metrics!$H$1-180+54))) -> 0 | S55: =IF((Metrics!$H$1-180+54)<1,"",INDEX(Calc_Daily!$AD$2:$AD$2001,(Metrics!$H$1-180+54))) -> 0 | T55: =IF((Metrics!$H$1-180+54)<1,"",INDEX(Calc_Daily!$AT$2:$AT$2001,(Metrics!$H$1-180+54))) -> 0 | U55: =IF((Metrics!$H$1-180+54)<1,"",INDEX(Calc_Daily!$AQ$2:$AQ$2001,(Metrics!$H$1-180+54))) -> 0 | V55: =IF((Metrics!$H$1-180+54)<1,"",INDEX(Calc_Daily!$AR$2:$AR$2001,(Metrics!$H$1-180+54))) -> 0
A56: =IF((Metrics!$H$1-180+55)<1,"",INDEX(Calc_Daily!$A$2:$A$2001,(Metrics!$H$1-180+55))) -> 0 | B56: =IF((Metrics!$H$1-180+55)<1,"",INDEX(Calc_Daily!$B$2:$B$2001,(Metrics!$H$1-180+55))) -> 0 | C56: =IF((Metrics!$H$1-180+55)<1,"",INDEX(Calc_Daily!$C$2:$C$2001,(Metrics!$H$1-180+55))) -> 0 | D56: =IF((Metrics!$H$1-180+55)<1,"",INDEX(Calc_Daily!$D$2:$D$2001,(Metrics!$H$1-180+55))) -> 0 | E56: =IF((Metrics!$H$1-180+55)<1,"",INDEX(Calc_Daily!$E$2:$E$2001,(Metrics!$H$1-180+55))) -> 0 | F56: =IF((Metrics!$H$1-180+55)<1,"",INDEX(Calc_Daily!$H$2:$H$2001,(Metrics!$H$1-180+55))) -> 0 | G56: =IF((Metrics!$H$1-180+55)<1,"",INDEX(Calc_Daily!$I$2:$I$2001,(Metrics!$H$1-180+55))) -> 0 | H56: =IF((Metrics!$H$1-180+55)<1,"",INDEX(Calc_Daily!$J$2:$J$2001,(Metrics!$H$1-180+55))) -> 0 | I56: =IF((Metrics!$H$1-180+55)<1,"",INDEX(Calc_Daily!$K$2:$K$2001,(Metrics!$H$1-180+55))) -> 0 | J56: =IF((Metrics!$H$1-180+55)<1,"",INDEX(Calc_Daily!$N$2:$N$2001,(Metrics!$H$1-180+55))) -> 0 | K56: =IF((Metrics!$H$1-180+55)<1,"",70) -> 0 | L56: =IF((Metrics!$H$1-180+55)<1,"",30) -> 0 | M56: =IF((Metrics!$H$1-180+55)<1,"",INDEX(Calc_Daily!$Q$2:$Q$2001,(Metrics!$H$1-180+55))) -> 0 | N56: =IF((Metrics!$H$1-180+55)<1,"",INDEX(Calc_Daily!$R$2:$R$2001,(Metrics!$H$1-180+55))) -> 0 | O56: =IF((Metrics!$H$1-180+55)<1,"",INDEX(Calc_Daily!$S$2:$S$2001,(Metrics!$H$1-180+55))) -> 0 | P56: =IF((Metrics!$H$1-180+55)<1,"",INDEX(Calc_Daily!$AM$2:$AM$2001,(Metrics!$H$1-180+55))) -> 0 | Q56: =IF((Metrics!$H$1-180+55)<1,"",INDEX(Calc_Daily!$AK$2:$AK$2001,(Metrics!$H$1-180+55))) -> 0 | R56: =IF((Metrics!$H$1-180+55)<1,"",INDEX(Calc_Daily!$AN$2:$AN$2001,(Metrics!$H$1-180+55))) -> 0 | S56: =IF((Metrics!$H$1-180+55)<1,"",INDEX(Calc_Daily!$AD$2:$AD$2001,(Metrics!$H$1-180+55))) -> 0 | T56: =IF((Metrics!$H$1-180+55)<1,"",INDEX(Calc_Daily!$AT$2:$AT$2001,(Metrics!$H$1-180+55))) -> 0 | U56: =IF((Metrics!$H$1-180+55)<1,"",INDEX(Calc_Daily!$AQ$2:$AQ$2001,(Metrics!$H$1-180+55))) -> 0 | V56: =IF((Metrics!$H$1-180+55)<1,"",INDEX(Calc_Daily!$AR$2:$AR$2001,(Metrics!$H$1-180+55))) -> 0
A57: =IF((Metrics!$H$1-180+56)<1,"",INDEX(Calc_Daily!$A$2:$A$2001,(Metrics!$H$1-180+56))) -> 0 | B57: =IF((Metrics!$H$1-180+56)<1,"",INDEX(Calc_Daily!$B$2:$B$2001,(Metrics!$H$1-180+56))) -> 0 | C57: =IF((Metrics!$H$1-180+56)<1,"",INDEX(Calc_Daily!$C$2:$C$2001,(Metrics!$H$1-180+56))) -> 0 | D57: =IF((Metrics!$H$1-180+56)<1,"",INDEX(Calc_Daily!$D$2:$D$2001,(Metrics!$H$1-180+56))) -> 0 | E57: =IF((Metrics!$H$1-180+56)<1,"",INDEX(Calc_Daily!$E$2:$E$2001,(Metrics!$H$1-180+56))) -> 0 | F57: =IF((Metrics!$H$1-180+56)<1,"",INDEX(Calc_Daily!$H$2:$H$2001,(Metrics!$H$1-180+56))) -> 0 | G57: =IF((Metrics!$H$1-180+56)<1,"",INDEX(Calc_Daily!$I$2:$I$2001,(Metrics!$H$1-180+56))) -> 0 | H57: =IF((Metrics!$H$1-180+56)<1,"",INDEX(Calc_Daily!$J$2:$J$2001,(Metrics!$H$1-180+56))) -> 0 | I57: =IF((Metrics!$H$1-180+56)<1,"",INDEX(Calc_Daily!$K$2:$K$2001,(Metrics!$H$1-180+56))) -> 0 | J57: =IF((Metrics!$H$1-180+56)<1,"",INDEX(Calc_Daily!$N$2:$N$2001,(Metrics!$H$1-180+56))) -> 0 | K57: =IF((Metrics!$H$1-180+56)<1,"",70) -> 0 | L57: =IF((Metrics!$H$1-180+56)<1,"",30) -> 0 | M57: =IF((Metrics!$H$1-180+56)<1,"",INDEX(Calc_Daily!$Q$2:$Q$2001,(Metrics!$H$1-180+56))) -> 0 | N57: =IF((Metrics!$H$1-180+56)<1,"",INDEX(Calc_Daily!$R$2:$R$2001,(Metrics!$H$1-180+56))) -> 0 | O57: =IF((Metrics!$H$1-180+56)<1,"",INDEX(Calc_Daily!$S$2:$S$2001,(Metrics!$H$1-180+56))) -> 0 | P57: =IF((Metrics!$H$1-180+56)<1,"",INDEX(Calc_Daily!$AM$2:$AM$2001,(Metrics!$H$1-180+56))) -> 0 | Q57: =IF((Metrics!$H$1-180+56)<1,"",INDEX(Calc_Daily!$AK$2:$AK$2001,(Metrics!$H$1-180+56))) -> 0 | R57: =IF((Metrics!$H$1-180+56)<1,"",INDEX(Calc_Daily!$AN$2:$AN$2001,(Metrics!$H$1-180+56))) -> 0 | S57: =IF((Metrics!$H$1-180+56)<1,"",INDEX(Calc_Daily!$AD$2:$AD$2001,(Metrics!$H$1-180+56))) -> 0 | T57: =IF((Metrics!$H$1-180+56)<1,"",INDEX(Calc_Daily!$AT$2:$AT$2001,(Metrics!$H$1-180+56))) -> 0 | U57: =IF((Metrics!$H$1-180+56)<1,"",INDEX(Calc_Daily!$AQ$2:$AQ$2001,(Metrics!$H$1-180+56))) -> 0 | V57: =IF((Metrics!$H$1-180+56)<1,"",INDEX(Calc_Daily!$AR$2:$AR$2001,(Metrics!$H$1-180+56))) -> 0
A58: =IF((Metrics!$H$1-180+57)<1,"",INDEX(Calc_Daily!$A$2:$A$2001,(Metrics!$H$1-180+57))) -> 0 | B58: =IF((Metrics!$H$1-180+57)<1,"",INDEX(Calc_Daily!$B$2:$B$2001,(Metrics!$H$1-180+57))) -> 0 | C58: =IF((Metrics!$H$1-180+57)<1,"",INDEX(Calc_Daily!$C$2:$C$2001,(Metrics!$H$1-180+57))) -> 0 | D58: =IF((Metrics!$H$1-180+57)<1,"",INDEX(Calc_Daily!$D$2:$D$2001,(Metrics!$H$1-180+57))) -> 0 | E58: =IF((Metrics!$H$1-180+57)<1,"",INDEX(Calc_Daily!$E$2:$E$2001,(Metrics!$H$1-180+57))) -> 0 | F58: =IF((Metrics!$H$1-180+57)<1,"",INDEX(Calc_Daily!$H$2:$H$2001,(Metrics!$H$1-180+57))) -> 0 | G58: =IF((Metrics!$H$1-180+57)<1,"",INDEX(Calc_Daily!$I$2:$I$2001,(Metrics!$H$1-180+57))) -> 0 | H58: =IF((Metrics!$H$1-180+57)<1,"",INDEX(Calc_Daily!$J$2:$J$2001,(Metrics!$H$1-180+57))) -> 0 | I58: =IF((Metrics!$H$1-180+57)<1,"",INDEX(Calc_Daily!$K$2:$K$2001,(Metrics!$H$1-180+57))) -> 0 | J58: =IF((Metrics!$H$1-180+57)<1,"",INDEX(Calc_Daily!$N$2:$N$2001,(Metrics!$H$1-180+57))) -> 0 | K58: =IF((Metrics!$H$1-180+57)<1,"",70) -> 0 | L58: =IF((Metrics!$H$1-180+57)<1,"",30) -> 0 | M58: =IF((Metrics!$H$1-180+57)<1,"",INDEX(Calc_Daily!$Q$2:$Q$2001,(Metrics!$H$1-180+57))) -> 0 | N58: =IF((Metrics!$H$1-180+57)<1,"",INDEX(Calc_Daily!$R$2:$R$2001,(Metrics!$H$1-180+57))) -> 0 | O58: =IF((Metrics!$H$1-180+57)<1,"",INDEX(Calc_Daily!$S$2:$S$2001,(Metrics!$H$1-180+57))) -> 0 | P58: =IF((Metrics!$H$1-180+57)<1,"",INDEX(Calc_Daily!$AM$2:$AM$2001,(Metrics!$H$1-180+57))) -> 0 | Q58: =IF((Metrics!$H$1-180+57)<1,"",INDEX(Calc_Daily!$AK$2:$AK$2001,(Metrics!$H$1-180+57))) -> 0 | R58: =IF((Metrics!$H$1-180+57)<1,"",INDEX(Calc_Daily!$AN$2:$AN$2001,(Metrics!$H$1-180+57))) -> 0 | S58: =IF((Metrics!$H$1-180+57)<1,"",INDEX(Calc_Daily!$AD$2:$AD$2001,(Metrics!$H$1-180+57))) -> 0 | T58: =IF((Metrics!$H$1-180+57)<1,"",INDEX(Calc_Daily!$AT$2:$AT$2001,(Metrics!$H$1-180+57))) -> 0 | U58: =IF((Metrics!$H$1-180+57)<1,"",INDEX(Calc_Daily!$AQ$2:$AQ$2001,(Metrics!$H$1-180+57))) -> 0 | V58: =IF((Metrics!$H$1-180+57)<1,"",INDEX(Calc_Daily!$AR$2:$AR$2001,(Metrics!$H$1-180+57))) -> 0
A59: =IF((Metrics!$H$1-180+58)<1,"",INDEX(Calc_Daily!$A$2:$A$2001,(Metrics!$H$1-180+58))) -> 0 | B59: =IF((Metrics!$H$1-180+58)<1,"",INDEX(Calc_Daily!$B$2:$B$2001,(Metrics!$H$1-180+58))) -> 0 | C59: =IF((Metrics!$H$1-180+58)<1,"",INDEX(Calc_Daily!$C$2:$C$2001,(Metrics!$H$1-180+58))) -> 0 | D59: =IF((Metrics!$H$1-180+58)<1,"",INDEX(Calc_Daily!$D$2:$D$2001,(Metrics!$H$1-180+58))) -> 0 | E59: =IF((Metrics!$H$1-180+58)<1,"",INDEX(Calc_Daily!$E$2:$E$2001,(Metrics!$H$1-180+58))) -> 0 | F59: =IF((Metrics!$H$1-180+58)<1,"",INDEX(Calc_Daily!$H$2:$H$2001,(Metrics!$H$1-180+58))) -> 0 | G59: =IF((Metrics!$H$1-180+58)<1,"",INDEX(Calc_Daily!$I$2:$I$2001,(Metrics!$H$1-180+58))) -> 0 | H59: =IF((Metrics!$H$1-180+58)<1,"",INDEX(Calc_Daily!$J$2:$J$2001,(Metrics!$H$1-180+58))) -> 0 | I59: =IF((Metrics!$H$1-180+58)<1,"",INDEX(Calc_Daily!$K$2:$K$2001,(Metrics!$H$1-180+58))) -> 0 | J59: =IF((Metrics!$H$1-180+58)<1,"",INDEX(Calc_Daily!$N$2:$N$2001,(Metrics!$H$1-180+58))) -> 0 | K59: =IF((Metrics!$H$1-180+58)<1,"",70) -> 0 | L59: =IF((Metrics!$H$1-180+58)<1,"",30) -> 0 | M59: =IF((Metrics!$H$1-180+58)<1,"",INDEX(Calc_Daily!$Q$2:$Q$2001,(Metrics!$H$1-180+58))) -> 0 | N59: =IF((Metrics!$H$1-180+58)<1,"",INDEX(Calc_Daily!$R$2:$R$2001,(Metrics!$H$1-180+58))) -> 0 | O59: =IF((Metrics!$H$1-180+58)<1,"",INDEX(Calc_Daily!$S$2:$S$2001,(Metrics!$H$1-180+58))) -> 0 | P59: =IF((Metrics!$H$1-180+58)<1,"",INDEX(Calc_Daily!$AM$2:$AM$2001,(Metrics!$H$1-180+58))) -> 0 | Q59: =IF((Metrics!$H$1-180+58)<1,"",INDEX(Calc_Daily!$AK$2:$AK$2001,(Metrics!$H$1-180+58))) -> 0 | R59: =IF((Metrics!$H$1-180+58)<1,"",INDEX(Calc_Daily!$AN$2:$AN$2001,(Metrics!$H$1-180+58))) -> 0 | S59: =IF((Metrics!$H$1-180+58)<1,"",INDEX(Calc_Daily!$AD$2:$AD$2001,(Metrics!$H$1-180+58))) -> 0 | T59: =IF((Metrics!$H$1-180+58)<1,"",INDEX(Calc_Daily!$AT$2:$AT$2001,(Metrics!$H$1-180+58))) -> 0 | U59: =IF((Metrics!$H$1-180+58)<1,"",INDEX(Calc_Daily!$AQ$2:$AQ$2001,(Metrics!$H$1-180+58))) -> 0 | V59: =IF((Metrics!$H$1-180+58)<1,"",INDEX(Calc_Daily!$AR$2:$AR$2001,(Metrics!$H$1-180+58))) -> 0
A60: =IF((Metrics!$H$1-180+59)<1,"",INDEX(Calc_Daily!$A$2:$A$2001,(Metrics!$H$1-180+59))) -> 0 | B60: =IF((Metrics!$H$1-180+59)<1,"",INDEX(Calc_Daily!$B$2:$B$2001,(Metrics!$H$1-180+59))) -> 0 | C60: =IF((Metrics!$H$1-180+59)<1,"",INDEX(Calc_Daily!$C$2:$C$2001,(Metrics!$H$1-180+59))) -> 0 | D60: =IF((Metrics!$H$1-180+59)<1,"",INDEX(Calc_Daily!$D$2:$D$2001,(Metrics!$H$1-180+59))) -> 0 | E60: =IF((Metrics!$H$1-180+59)<1,"",INDEX(Calc_Daily!$E$2:$E$2001,(Metrics!$H$1-180+59))) -> 0 | F60: =IF((Metrics!$H$1-180+59)<1,"",INDEX(Calc_Daily!$H$2:$H$2001,(Metrics!$H$1-180+59))) -> 0 | G60: =IF((Metrics!$H$1-180+59)<1,"",INDEX(Calc_Daily!$I$2:$I$2001,(Metrics!$H$1-180+59))) -> 0 | H60: =IF((Metrics!$H$1-180+59)<1,"",INDEX(Calc_Daily!$J$2:$J$2001,(Metrics!$H$1-180+59))) -> 0 | I60: =IF((Metrics!$H$1-180+59)<1,"",INDEX(Calc_Daily!$K$2:$K$2001,(Metrics!$H$1-180+59))) -> 0 | J60: =IF((Metrics!$H$1-180+59)<1,"",INDEX(Calc_Daily!$N$2:$N$2001,(Metrics!$H$1-180+59))) -> 0 | K60: =IF((Metrics!$H$1-180+59)<1,"",70) -> 0 | L60: =IF((Metrics!$H$1-180+59)<1,"",30) -> 0 | M60: =IF((Metrics!$H$1-180+59)<1,"",INDEX(Calc_Daily!$Q$2:$Q$2001,(Metrics!$H$1-180+59))) -> 0 | N60: =IF((Metrics!$H$1-180+59)<1,"",INDEX(Calc_Daily!$R$2:$R$2001,(Metrics!$H$1-180+59))) -> 0 | O60: =IF((Metrics!$H$1-180+59)<1,"",INDEX(Calc_Daily!$S$2:$S$2001,(Metrics!$H$1-180+59))) -> 0 | P60: =IF((Metrics!$H$1-180+59)<1,"",INDEX(Calc_Daily!$AM$2:$AM$2001,(Metrics!$H$1-180+59))) -> 0 | Q60: =IF((Metrics!$H$1-180+59)<1,"",INDEX(Calc_Daily!$AK$2:$AK$2001,(Metrics!$H$1-180+59))) -> 0 | R60: =IF((Metrics!$H$1-180+59)<1,"",INDEX(Calc_Daily!$AN$2:$AN$2001,(Metrics!$H$1-180+59))) -> 0 | S60: =IF((Metrics!$H$1-180+59)<1,"",INDEX(Calc_Daily!$AD$2:$AD$2001,(Metrics!$H$1-180+59))) -> 0 | T60: =IF((Metrics!$H$1-180+59)<1,"",INDEX(Calc_Daily!$AT$2:$AT$2001,(Metrics!$H$1-180+59))) -> 0 | U60: =IF((Metrics!$H$1-180+59)<1,"",INDEX(Calc_Daily!$AQ$2:$AQ$2001,(Metrics!$H$1-180+59))) -> 0 | V60: =IF((Metrics!$H$1-180+59)<1,"",INDEX(Calc_Daily!$AR$2:$AR$2001,(Metrics!$H$1-180+59))) -> 0
A61: =IF((Metrics!$H$1-180+60)<1,"",INDEX(Calc_Daily!$A$2:$A$2001,(Metrics!$H$1-180+60))) -> 0 | B61: =IF((Metrics!$H$1-180+60)<1,"",INDEX(Calc_Daily!$B$2:$B$2001,(Metrics!$H$1-180+60))) -> 0 | C61: =IF((Metrics!$H$1-180+60)<1,"",INDEX(Calc_Daily!$C$2:$C$2001,(Metrics!$H$1-180+60))) -> 0 | D61: =IF((Metrics!$H$1-180+60)<1,"",INDEX(Calc_Daily!$D$2:$D$2001,(Metrics!$H$1-180+60))) -> 0 | E61: =IF((Metrics!$H$1-180+60)<1,"",INDEX(Calc_Daily!$E$2:$E$2001,(Metrics!$H$1-180+60))) -> 0 | F61: =IF((Metrics!$H$1-180+60)<1,"",INDEX(Calc_Daily!$H$2:$H$2001,(Metrics!$H$1-180+60))) -> 0 | G61: =IF((Metrics!$H$1-180+60)<1,"",INDEX(Calc_Daily!$I$2:$I$2001,(Metrics!$H$1-180+60))) -> 0 | H61: =IF((Metrics!$H$1-180+60)<1,"",INDEX(Calc_Daily!$J$2:$J$2001,(Metrics!$H$1-180+60))) -> 0 | I61: =IF((Metrics!$H$1-180+60)<1,"",INDEX(Calc_Daily!$K$2:$K$2001,(Metrics!$H$1-180+60))) -> 0 | J61: =IF((Metrics!$H$1-180+60)<1,"",INDEX(Calc_Daily!$N$2:$N$2001,(Metrics!$H$1-180+60))) -> 0 | K61: =IF((Metrics!$H$1-180+60)<1,"",70) -> 0 | L61: =IF((Metrics!$H$1-180+60)<1,"",30) -> 0 | M61: =IF((Metrics!$H$1-180+60)<1,"",INDEX(Calc_Daily!$Q$2:$Q$2001,(Metrics!$H$1-180+60))) -> 0 | N61: =IF((Metrics!$H$1-180+60)<1,"",INDEX(Calc_Daily!$R$2:$R$2001,(Metrics!$H$1-180+60))) -> 0 | O61: =IF((Metrics!$H$1-180+60)<1,"",INDEX(Calc_Daily!$S$2:$S$2001,(Metrics!$H$1-180+60))) -> 0 | P61: =IF((Metrics!$H$1-180+60)<1,"",INDEX(Calc_Daily!$AM$2:$AM$2001,(Metrics!$H$1-180+60))) -> 0 | Q61: =IF((Metrics!$H$1-180+60)<1,"",INDEX(Calc_Daily!$AK$2:$AK$2001,(Metrics!$H$1-180+60))) -> 0 | R61: =IF((Metrics!$H$1-180+60)<1,"",INDEX(Calc_Daily!$AN$2:$AN$2001,(Metrics!$H$1-180+60))) -> 0 | S61: =IF((Metrics!$H$1-180+60)<1,"",INDEX(Calc_Daily!$AD$2:$AD$2001,(Metrics!$H$1-180+60))) -> 0 | T61: =IF((Metrics!$H$1-180+60)<1,"",INDEX(Calc_Daily!$AT$2:$AT$2001,(Metrics!$H$1-180+60))) -> 0 | U61: =IF((Metrics!$H$1-180+60)<1,"",INDEX(Calc_Daily!$AQ$2:$AQ$2001,(Metrics!$H$1-180+60))) -> 0 | V61: =IF((Metrics!$H$1-180+60)<1,"",INDEX(Calc_Daily!$AR$2:$AR$2001,(Metrics!$H$1-180+60))) -> 0
A62: =IF((Metrics!$H$1-180+61)<1,"",INDEX(Calc_Daily!$A$2:$A$2001,(Metrics!$H$1-180+61))) -> 0 | B62: =IF((Metrics!$H$1-180+61)<1,"",INDEX(Calc_Daily!$B$2:$B$2001,(Metrics!$H$1-180+61))) -> 0 | C62: =IF((Metrics!$H$1-180+61)<1,"",INDEX(Calc_Daily!$C$2:$C$2001,(Metrics!$H$1-180+61))) -> 0 | D62: =IF((Metrics!$H$1-180+61)<1,"",INDEX(Calc_Daily!$D$2:$D$2001,(Metrics!$H$1-180+61))) -> 0 | E62: =IF((Metrics!$H$1-180+61)<1,"",INDEX(Calc_Daily!$E$2:$E$2001,(Metrics!$H$1-180+61))) -> 0 | F62: =IF((Metrics!$H$1-180+61)<1,"",INDEX(Calc_Daily!$H$2:$H$2001,(Metrics!$H$1-180+61))) -> 0 | G62: =IF((Metrics!$H$1-180+61)<1,"",INDEX(Calc_Daily!$I$2:$I$2001,(Metrics!$H$1-180+61))) -> 0 | H62: =IF((Metrics!$H$1-180+61)<1,"",INDEX(Calc_Daily!$J$2:$J$2001,(Metrics!$H$1-180+61))) -> 0 | I62: =IF((Metrics!$H$1-180+61)<1,"",INDEX(Calc_Daily!$K$2:$K$2001,(Metrics!$H$1-180+61))) -> 0 | J62: =IF((Metrics!$H$1-180+61)<1,"",INDEX(Calc_Daily!$N$2:$N$2001,(Metrics!$H$1-180+61))) -> 0 | K62: =IF((Metrics!$H$1-180+61)<1,"",70) -> 0 | L62: =IF((Metrics!$H$1-180+61)<1,"",30) -> 0 | M62: =IF((Metrics!$H$1-180+61)<1,"",INDEX(Calc_Daily!$Q$2:$Q$2001,(Metrics!$H$1-180+61))) -> 0 | N62: =IF((Metrics!$H$1-180+61)<1,"",INDEX(Calc_Daily!$R$2:$R$2001,(Metrics!$H$1-180+61))) -> 0 | O62: =IF((Metrics!$H$1-180+61)<1,"",INDEX(Calc_Daily!$S$2:$S$2001,(Metrics!$H$1-180+61))) -> 0 | P62: =IF((Metrics!$H$1-180+61)<1,"",INDEX(Calc_Daily!$AM$2:$AM$2001,(Metrics!$H$1-180+61))) -> 0 | Q62: =IF((Metrics!$H$1-180+61)<1,"",INDEX(Calc_Daily!$AK$2:$AK$2001,(Metrics!$H$1-180+61))) -> 0 | R62: =IF((Metrics!$H$1-180+61)<1,"",INDEX(Calc_Daily!$AN$2:$AN$2001,(Metrics!$H$1-180+61))) -> 0 | S62: =IF((Metrics!$H$1-180+61)<1,"",INDEX(Calc_Daily!$AD$2:$AD$2001,(Metrics!$H$1-180+61))) -> 0 | T62: =IF((Metrics!$H$1-180+61)<1,"",INDEX(Calc_Daily!$AT$2:$AT$2001,(Metrics!$H$1-180+61))) -> 0 | U62: =IF((Metrics!$H$1-180+61)<1,"",INDEX(Calc_Daily!$AQ$2:$AQ$2001,(Metrics!$H$1-180+61))) -> 0 | V62: =IF((Metrics!$H$1-180+61)<1,"",INDEX(Calc_Daily!$AR$2:$AR$2001,(Metrics!$H$1-180+61))) -> 0
A63: =IF((Metrics!$H$1-180+62)<1,"",INDEX(Calc_Daily!$A$2:$A$2001,(Metrics!$H$1-180+62))) -> 0 | B63: =IF((Metrics!$H$1-180+62)<1,"",INDEX(Calc_Daily!$B$2:$B$2001,(Metrics!$H$1-180+62))) -> 0 | C63: =IF((Metrics!$H$1-180+62)<1,"",INDEX(Calc_Daily!$C$2:$C$2001,(Metrics!$H$1-180+62))) -> 0 | D63: =IF((Metrics!$H$1-180+62)<1,"",INDEX(Calc_Daily!$D$2:$D$2001,(Metrics!$H$1-180+62))) -> 0 | E63: =IF((Metrics!$H$1-180+62)<1,"",INDEX(Calc_Daily!$E$2:$E$2001,(Metrics!$H$1-180+62))) -> 0 | F63: =IF((Metrics!$H$1-180+62)<1,"",INDEX(Calc_Daily!$H$2:$H$2001,(Metrics!$H$1-180+62))) -> 0 | G63: =IF((Metrics!$H$1-180+62)<1,"",INDEX(Calc_Daily!$I$2:$I$2001,(Metrics!$H$1-180+62))) -> 0 | H63: =IF((Metrics!$H$1-180+62)<1,"",INDEX(Calc_Daily!$J$2:$J$2001,(Metrics!$H$1-180+62))) -> 0 | I63: =IF((Metrics!$H$1-180+62)<1,"",INDEX(Calc_Daily!$K$2:$K$2001,(Metrics!$H$1-180+62))) -> 0 | J63: =IF((Metrics!$H$1-180+62)<1,"",INDEX(Calc_Daily!$N$2:$N$2001,(Metrics!$H$1-180+62))) -> 0 | K63: =IF((Metrics!$H$1-180+62)<1,"",70) -> 0 | L63: =IF((Metrics!$H$1-180+62)<1,"",30) -> 0 | M63: =IF((Metrics!$H$1-180+62)<1,"",INDEX(Calc_Daily!$Q$2:$Q$2001,(Metrics!$H$1-180+62))) -> 0 | N63: =IF((Metrics!$H$1-180+62)<1,"",INDEX(Calc_Daily!$R$2:$R$2001,(Metrics!$H$1-180+62))) -> 0 | O63: =IF((Metrics!$H$1-180+62)<1,"",INDEX(Calc_Daily!$S$2:$S$2001,(Metrics!$H$1-180+62))) -> 0 | P63: =IF((Metrics!$H$1-180+62)<1,"",INDEX(Calc_Daily!$AM$2:$AM$2001,(Metrics!$H$1-180+62))) -> 0 | Q63: =IF((Metrics!$H$1-180+62)<1,"",INDEX(Calc_Daily!$AK$2:$AK$2001,(Metrics!$H$1-180+62))) -> 0 | R63: =IF((Metrics!$H$1-180+62)<1,"",INDEX(Calc_Daily!$AN$2:$AN$2001,(Metrics!$H$1-180+62))) -> 0 | S63: =IF((Metrics!$H$1-180+62)<1,"",INDEX(Calc_Daily!$AD$2:$AD$2001,(Metrics!$H$1-180+62))) -> 0 | T63: =IF((Metrics!$H$1-180+62)<1,"",INDEX(Calc_Daily!$AT$2:$AT$2001,(Metrics!$H$1-180+62))) -> 0 | U63: =IF((Metrics!$H$1-180+62)<1,"",INDEX(Calc_Daily!$AQ$2:$AQ$2001,(Metrics!$H$1-180+62))) -> 0 | V63: =IF((Metrics!$H$1-180+62)<1,"",INDEX(Calc_Daily!$AR$2:$AR$2001,(Metrics!$H$1-180+62))) -> 0
A64: =IF((Metrics!$H$1-180+63)<1,"",INDEX(Calc_Daily!$A$2:$A$2001,(Metrics!$H$1-180+63))) -> 0 | B64: =IF((Metrics!$H$1-180+63)<1,"",INDEX(Calc_Daily!$B$2:$B$2001,(Metrics!$H$1-180+63))) -> 0 | C64: =IF((Metrics!$H$1-180+63)<1,"",INDEX(Calc_Daily!$C$2:$C$2001,(Metrics!$H$1-180+63))) -> 0 | D64: =IF((Metrics!$H$1-180+63)<1,"",INDEX(Calc_Daily!$D$2:$D$2001,(Metrics!$H$1-180+63))) -> 0 | E64: =IF((Metrics!$H$1-180+63)<1,"",INDEX(Calc_Daily!$E$2:$E$2001,(Metrics!$H$1-180+63))) -> 0 | F64: =IF((Metrics!$H$1-180+63)<1,"",INDEX(Calc_Daily!$H$2:$H$2001,(Metrics!$H$1-180+63))) -> 0 | G64: =IF((Metrics!$H$1-180+63)<1,"",INDEX(Calc_Daily!$I$2:$I$2001,(Metrics!$H$1-180+63))) -> 0 | H64: =IF((Metrics!$H$1-180+63)<1,"",INDEX(Calc_Daily!$J$2:$J$2001,(Metrics!$H$1-180+63))) -> 0 | I64: =IF((Metrics!$H$1-180+63)<1,"",INDEX(Calc_Daily!$K$2:$K$2001,(Metrics!$H$1-180+63))) -> 0 | J64: =IF((Metrics!$H$1-180+63)<1,"",INDEX(Calc_Daily!$N$2:$N$2001,(Metrics!$H$1-180+63))) -> 0 | K64: =IF((Metrics!$H$1-180+63)<1,"",70) -> 0 | L64: =IF((Metrics!$H$1-180+63)<1,"",30) -> 0 | M64: =IF((Metrics!$H$1-180+63)<1,"",INDEX(Calc_Daily!$Q$2:$Q$2001,(Metrics!$H$1-180+63))) -> 0 | N64: =IF((Metrics!$H$1-180+63)<1,"",INDEX(Calc_Daily!$R$2:$R$2001,(Metrics!$H$1-180+63))) -> 0 | O64: =IF((Metrics!$H$1-180+63)<1,"",INDEX(Calc_Daily!$S$2:$S$2001,(Metrics!$H$1-180+63))) -> 0 | P64: =IF((Metrics!$H$1-180+63)<1,"",INDEX(Calc_Daily!$AM$2:$AM$2001,(Metrics!$H$1-180+63))) -> 0 | Q64: =IF((Metrics!$H$1-180+63)<1,"",INDEX(Calc_Daily!$AK$2:$AK$2001,(Metrics!$H$1-180+63))) -> 0 | R64: =IF((Metrics!$H$1-180+63)<1,"",INDEX(Calc_Daily!$AN$2:$AN$2001,(Metrics!$H$1-180+63))) -> 0 | S64: =IF((Metrics!$H$1-180+63)<1,"",INDEX(Calc_Daily!$AD$2:$AD$2001,(Metrics!$H$1-180+63))) -> 0 | T64: =IF((Metrics!$H$1-180+63)<1,"",INDEX(Calc_Daily!$AT$2:$AT$2001,(Metrics!$H$1-180+63))) -> 0 | U64: =IF((Metrics!$H$1-180+63)<1,"",INDEX(Calc_Daily!$AQ$2:$AQ$2001,(Metrics!$H$1-180+63))) -> 0 | V64: =IF((Metrics!$H$1-180+63)<1,"",INDEX(Calc_Daily!$AR$2:$AR$2001,(Metrics!$H$1-180+63))) -> 0
A65: =IF((Metrics!$H$1-180+64)<1,"",INDEX(Calc_Daily!$A$2:$A$2001,(Metrics!$H$1-180+64))) -> 0 | B65: =IF((Metrics!$H$1-180+64)<1,"",INDEX(Calc_Daily!$B$2:$B$2001,(Metrics!$H$1-180+64))) -> 0 | C65: =IF((Metrics!$H$1-180+64)<1,"",INDEX(Calc_Daily!$C$2:$C$2001,(Metrics!$H$1-180+64))) -> 0 | D65: =IF((Metrics!$H$1-180+64)<1,"",INDEX(Calc_Daily!$D$2:$D$2001,(Metrics!$H$1-180+64))) -> 0 | E65: =IF((Metrics!$H$1-180+64)<1,"",INDEX(Calc_Daily!$E$2:$E$2001,(Metrics!$H$1-180+64))) -> 0 | F65: =IF((Metrics!$H$1-180+64)<1,"",INDEX(Calc_Daily!$H$2:$H$2001,(Metrics!$H$1-180+64))) -> 0 | G65: =IF((Metrics!$H$1-180+64)<1,"",INDEX(Calc_Daily!$I$2:$I$2001,(Metrics!$H$1-180+64))) -> 0 | H65: =IF((Metrics!$H$1-180+64)<1,"",INDEX(Calc_Daily!$J$2:$J$2001,(Metrics!$H$1-180+64))) -> 0 | I65: =IF((Metrics!$H$1-180+64)<1,"",INDEX(Calc_Daily!$K$2:$K$2001,(Metrics!$H$1-180+64))) -> 0 | J65: =IF((Metrics!$H$1-180+64)<1,"",INDEX(Calc_Daily!$N$2:$N$2001,(Metrics!$H$1-180+64))) -> 0 | K65: =IF((Metrics!$H$1-180+64)<1,"",70) -> 0 | L65: =IF((Metrics!$H$1-180+64)<1,"",30) -> 0 | M65: =IF((Metrics!$H$1-180+64)<1,"",INDEX(Calc_Daily!$Q$2:$Q$2001,(Metrics!$H$1-180+64))) -> 0 | N65: =IF((Metrics!$H$1-180+64)<1,"",INDEX(Calc_Daily!$R$2:$R$2001,(Metrics!$H$1-180+64))) -> 0 | O65: =IF((Metrics!$H$1-180+64)<1,"",INDEX(Calc_Daily!$S$2:$S$2001,(Metrics!$H$1-180+64))) -> 0 | P65: =IF((Metrics!$H$1-180+64)<1,"",INDEX(Calc_Daily!$AM$2:$AM$2001,(Metrics!$H$1-180+64))) -> 0 | Q65: =IF((Metrics!$H$1-180+64)<1,"",INDEX(Calc_Daily!$AK$2:$AK$2001,(Metrics!$H$1-180+64))) -> 0 | R65: =IF((Metrics!$H$1-180+64)<1,"",INDEX(Calc_Daily!$AN$2:$AN$2001,(Metrics!$H$1-180+64))) -> 0 | S65: =IF((Metrics!$H$1-180+64)<1,"",INDEX(Calc_Daily!$AD$2:$AD$2001,(Metrics!$H$1-180+64))) -> 0 | T65: =IF((Metrics!$H$1-180+64)<1,"",INDEX(Calc_Daily!$AT$2:$AT$2001,(Metrics!$H$1-180+64))) -> 0 | U65: =IF((Metrics!$H$1-180+64)<1,"",INDEX(Calc_Daily!$AQ$2:$AQ$2001,(Metrics!$H$1-180+64))) -> 0 | V65: =IF((Metrics!$H$1-180+64)<1,"",INDEX(Calc_Daily!$AR$2:$AR$2001,(Metrics!$H$1-180+64))) -> 0
A66: =IF((Metrics!$H$1-180+65)<1,"",INDEX(Calc_Daily!$A$2:$A$2001,(Metrics!$H$1-180+65))) -> 0 | B66: =IF((Metrics!$H$1-180+65)<1,"",INDEX(Calc_Daily!$B$2:$B$2001,(Metrics!$H$1-180+65))) -> 0 | C66: =IF((Metrics!$H$1-180+65)<1,"",INDEX(Calc_Daily!$C$2:$C$2001,(Metrics!$H$1-180+65))) -> 0 | D66: =IF((Metrics!$H$1-180+65)<1,"",INDEX(Calc_Daily!$D$2:$D$2001,(Metrics!$H$1-180+65))) -> 0 | E66: =IF((Metrics!$H$1-180+65)<1,"",INDEX(Calc_Daily!$E$2:$E$2001,(Metrics!$H$1-180+65))) -> 0 | F66: =IF((Metrics!$H$1-180+65)<1,"",INDEX(Calc_Daily!$H$2:$H$2001,(Metrics!$H$1-180+65))) -> 0 | G66: =IF((Metrics!$H$1-180+65)<1,"",INDEX(Calc_Daily!$I$2:$I$2001,(Metrics!$H$1-180+65))) -> 0 | H66: =IF((Metrics!$H$1-180+65)<1,"",INDEX(Calc_Daily!$J$2:$J$2001,(Metrics!$H$1-180+65))) -> 0 | I66: =IF((Metrics!$H$1-180+65)<1,"",INDEX(Calc_Daily!$K$2:$K$2001,(Metrics!$H$1-180+65))) -> 0 | J66: =IF((Metrics!$H$1-180+65)<1,"",INDEX(Calc_Daily!$N$2:$N$2001,(Metrics!$H$1-180+65))) -> 0 | K66: =IF((Metrics!$H$1-180+65)<1,"",70) -> 0 | L66: =IF((Metrics!$H$1-180+65)<1,"",30) -> 0 | M66: =IF((Metrics!$H$1-180+65)<1,"",INDEX(Calc_Daily!$Q$2:$Q$2001,(Metrics!$H$1-180+65))) -> 0 | N66: =IF((Metrics!$H$1-180+65)<1,"",INDEX(Calc_Daily!$R$2:$R$2001,(Metrics!$H$1-180+65))) -> 0 | O66: =IF((Metrics!$H$1-180+65)<1,"",INDEX(Calc_Daily!$S$2:$S$2001,(Metrics!$H$1-180+65))) -> 0 | P66: =IF((Metrics!$H$1-180+65)<1,"",INDEX(Calc_Daily!$AM$2:$AM$2001,(Metrics!$H$1-180+65))) -> 0 | Q66: =IF((Metrics!$H$1-180+65)<1,"",INDEX(Calc_Daily!$AK$2:$AK$2001,(Metrics!$H$1-180+65))) -> 0 | R66: =IF((Metrics!$H$1-180+65)<1,"",INDEX(Calc_Daily!$AN$2:$AN$2001,(Metrics!$H$1-180+65))) -> 0 | S66: =IF((Metrics!$H$1-180+65)<1,"",INDEX(Calc_Daily!$AD$2:$AD$2001,(Metrics!$H$1-180+65))) -> 0 | T66: =IF((Metrics!$H$1-180+65)<1,"",INDEX(Calc_Daily!$AT$2:$AT$2001,(Metrics!$H$1-180+65))) -> 0 | U66: =IF((Metrics!$H$1-180+65)<1,"",INDEX(Calc_Daily!$AQ$2:$AQ$2001,(Metrics!$H$1-180+65))) -> 0 | V66: =IF((Metrics!$H$1-180+65)<1,"",INDEX(Calc_Daily!$AR$2:$AR$2001,(Metrics!$H$1-180+65))) -> 0
A67: =IF((Metrics!$H$1-180+66)<1,"",INDEX(Calc_Daily!$A$2:$A$2001,(Metrics!$H$1-180+66))) -> 0 | B67: =IF((Metrics!$H$1-180+66)<1,"",INDEX(Calc_Daily!$B$2:$B$2001,(Metrics!$H$1-180+66))) -> 0 | C67: =IF((Metrics!$H$1-180+66)<1,"",INDEX(Calc_Daily!$C$2:$C$2001,(Metrics!$H$1-180+66))) -> 0 | D67: =IF((Metrics!$H$1-180+66)<1,"",INDEX(Calc_Daily!$D$2:$D$2001,(Metrics!$H$1-180+66))) -> 0 | E67: =IF((Metrics!$H$1-180+66)<1,"",INDEX(Calc_Daily!$E$2:$E$2001,(Metrics!$H$1-180+66))) -> 0 | F67: =IF((Metrics!$H$1-180+66)<1,"",INDEX(Calc_Daily!$H$2:$H$2001,(Metrics!$H$1-180+66))) -> 0 | G67: =IF((Metrics!$H$1-180+66)<1,"",INDEX(Calc_Daily!$I$2:$I$2001,(Metrics!$H$1-180+66))) -> 0 | H67: =IF((Metrics!$H$1-180+66)<1,"",INDEX(Calc_Daily!$J$2:$J$2001,(Metrics!$H$1-180+66))) -> 0 | I67: =IF((Metrics!$H$1-180+66)<1,"",INDEX(Calc_Daily!$K$2:$K$2001,(Metrics!$H$1-180+66))) -> 0 | J67: =IF((Metrics!$H$1-180+66)<1,"",INDEX(Calc_Daily!$N$2:$N$2001,(Metrics!$H$1-180+66))) -> 0 | K67: =IF((Metrics!$H$1-180+66)<1,"",70) -> 0 | L67: =IF((Metrics!$H$1-180+66)<1,"",30) -> 0 | M67: =IF((Metrics!$H$1-180+66)<1,"",INDEX(Calc_Daily!$Q$2:$Q$2001,(Metrics!$H$1-180+66))) -> 0 | N67: =IF((Metrics!$H$1-180+66)<1,"",INDEX(Calc_Daily!$R$2:$R$2001,(Metrics!$H$1-180+66))) -> 0 | O67: =IF((Metrics!$H$1-180+66)<1,"",INDEX(Calc_Daily!$S$2:$S$2001,(Metrics!$H$1-180+66))) -> 0 | P67: =IF((Metrics!$H$1-180+66)<1,"",INDEX(Calc_Daily!$AM$2:$AM$2001,(Metrics!$H$1-180+66))) -> 0 | Q67: =IF((Metrics!$H$1-180+66)<1,"",INDEX(Calc_Daily!$AK$2:$AK$2001,(Metrics!$H$1-180+66))) -> 0 | R67: =IF((Metrics!$H$1-180+66)<1,"",INDEX(Calc_Daily!$AN$2:$AN$2001,(Metrics!$H$1-180+66))) -> 0 | S67: =IF((Metrics!$H$1-180+66)<1,"",INDEX(Calc_Daily!$AD$2:$AD$2001,(Metrics!$H$1-180+66))) -> 0 | T67: =IF((Metrics!$H$1-180+66)<1,"",INDEX(Calc_Daily!$AT$2:$AT$2001,(Metrics!$H$1-180+66))) -> 0 | U67: =IF((Metrics!$H$1-180+66)<1,"",INDEX(Calc_Daily!$AQ$2:$AQ$2001,(Metrics!$H$1-180+66))) -> 0 | V67: =IF((Metrics!$H$1-180+66)<1,"",INDEX(Calc_Daily!$AR$2:$AR$2001,(Metrics!$H$1-180+66))) -> 0
A68: =IF((Metrics!$H$1-180+67)<1,"",INDEX(Calc_Daily!$A$2:$A$2001,(Metrics!$H$1-180+67))) -> 0 | B68: =IF((Metrics!$H$1-180+67)<1,"",INDEX(Calc_Daily!$B$2:$B$2001,(Metrics!$H$1-180+67))) -> 0 | C68: =IF((Metrics!$H$1-180+67)<1,"",INDEX(Calc_Daily!$C$2:$C$2001,(Metrics!$H$1-180+67))) -> 0 | D68: =IF((Metrics!$H$1-180+67)<1,"",INDEX(Calc_Daily!$D$2:$D$2001,(Metrics!$H$1-180+67))) -> 0 | E68: =IF((Metrics!$H$1-180+67)<1,"",INDEX(Calc_Daily!$E$2:$E$2001,(Metrics!$H$1-180+67))) -> 0 | F68: =IF((Metrics!$H$1-180+67)<1,"",INDEX(Calc_Daily!$H$2:$H$2001,(Metrics!$H$1-180+67))) -> 0 | G68: =IF((Metrics!$H$1-180+67)<1,"",INDEX(Calc_Daily!$I$2:$I$2001,(Metrics!$H$1-180+67))) -> 0 | H68: =IF((Metrics!$H$1-180+67)<1,"",INDEX(Calc_Daily!$J$2:$J$2001,(Metrics!$H$1-180+67))) -> 0 | I68: =IF((Metrics!$H$1-180+67)<1,"",INDEX(Calc_Daily!$K$2:$K$2001,(Metrics!$H$1-180+67))) -> 0 | J68: =IF((Metrics!$H$1-180+67)<1,"",INDEX(Calc_Daily!$N$2:$N$2001,(Metrics!$H$1-180+67))) -> 0 | K68: =IF((Metrics!$H$1-180+67)<1,"",70) -> 0 | L68: =IF((Metrics!$H$1-180+67)<1,"",30) -> 0 | M68: =IF((Metrics!$H$1-180+67)<1,"",INDEX(Calc_Daily!$Q$2:$Q$2001,(Metrics!$H$1-180+67))) -> 0 | N68: =IF((Metrics!$H$1-180+67)<1,"",INDEX(Calc_Daily!$R$2:$R$2001,(Metrics!$H$1-180+67))) -> 0 | O68: =IF((Metrics!$H$1-180+67)<1,"",INDEX(Calc_Daily!$S$2:$S$2001,(Metrics!$H$1-180+67))) -> 0 | P68: =IF((Metrics!$H$1-180+67)<1,"",INDEX(Calc_Daily!$AM$2:$AM$2001,(Metrics!$H$1-180+67))) -> 0 | Q68: =IF((Metrics!$H$1-180+67)<1,"",INDEX(Calc_Daily!$AK$2:$AK$2001,(Metrics!$H$1-180+67))) -> 0 | R68: =IF((Metrics!$H$1-180+67)<1,"",INDEX(Calc_Daily!$AN$2:$AN$2001,(Metrics!$H$1-180+67))) -> 0 | S68: =IF((Metrics!$H$1-180+67)<1,"",INDEX(Calc_Daily!$AD$2:$AD$2001,(Metrics!$H$1-180+67))) -> 0 | T68: =IF((Metrics!$H$1-180+67)<1,"",INDEX(Calc_Daily!$AT$2:$AT$2001,(Metrics!$H$1-180+67))) -> 0 | U68: =IF((Metrics!$H$1-180+67)<1,"",INDEX(Calc_Daily!$AQ$2:$AQ$2001,(Metrics!$H$1-180+67))) -> 0 | V68: =IF((Metrics!$H$1-180+67)<1,"",INDEX(Calc_Daily!$AR$2:$AR$2001,(Metrics!$H$1-180+67))) -> 0
A69: =IF((Metrics!$H$1-180+68)<1,"",INDEX(Calc_Daily!$A$2:$A$2001,(Metrics!$H$1-180+68))) -> 0 | B69: =IF((Metrics!$H$1-180+68)<1,"",INDEX(Calc_Daily!$B$2:$B$2001,(Metrics!$H$1-180+68))) -> 0 | C69: =IF((Metrics!$H$1-180+68)<1,"",INDEX(Calc_Daily!$C$2:$C$2001,(Metrics!$H$1-180+68))) -> 0 | D69: =IF((Metrics!$H$1-180+68)<1,"",INDEX(Calc_Daily!$D$2:$D$2001,(Metrics!$H$1-180+68))) -> 0 | E69: =IF((Metrics!$H$1-180+68)<1,"",INDEX(Calc_Daily!$E$2:$E$2001,(Metrics!$H$1-180+68))) -> 0 | F69: =IF((Metrics!$H$1-180+68)<1,"",INDEX(Calc_Daily!$H$2:$H$2001,(Metrics!$H$1-180+68))) -> 0 | G69: =IF((Metrics!$H$1-180+68)<1,"",INDEX(Calc_Daily!$I$2:$I$2001,(Metrics!$H$1-180+68))) -> 0 | H69: =IF((Metrics!$H$1-180+68)<1,"",INDEX(Calc_Daily!$J$2:$J$2001,(Metrics!$H$1-180+68))) -> 0 | I69: =IF((Metrics!$H$1-180+68)<1,"",INDEX(Calc_Daily!$K$2:$K$2001,(Metrics!$H$1-180+68))) -> 0 | J69: =IF((Metrics!$H$1-180+68)<1,"",INDEX(Calc_Daily!$N$2:$N$2001,(Metrics!$H$1-180+68))) -> 0 | K69: =IF((Metrics!$H$1-180+68)<1,"",70) -> 0 | L69: =IF((Metrics!$H$1-180+68)<1,"",30) -> 0 | M69: =IF((Metrics!$H$1-180+68)<1,"",INDEX(Calc_Daily!$Q$2:$Q$2001,(Metrics!$H$1-180+68))) -> 0 | N69: =IF((Metrics!$H$1-180+68)<1,"",INDEX(Calc_Daily!$R$2:$R$2001,(Metrics!$H$1-180+68))) -> 0 | O69: =IF((Metrics!$H$1-180+68)<1,"",INDEX(Calc_Daily!$S$2:$S$2001,(Metrics!$H$1-180+68))) -> 0 | P69: =IF((Metrics!$H$1-180+68)<1,"",INDEX(Calc_Daily!$AM$2:$AM$2001,(Metrics!$H$1-180+68))) -> 0 | Q69: =IF((Metrics!$H$1-180+68)<1,"",INDEX(Calc_Daily!$AK$2:$AK$2001,(Metrics!$H$1-180+68))) -> 0 | R69: =IF((Metrics!$H$1-180+68)<1,"",INDEX(Calc_Daily!$AN$2:$AN$2001,(Metrics!$H$1-180+68))) -> 0 | S69: =IF((Metrics!$H$1-180+68)<1,"",INDEX(Calc_Daily!$AD$2:$AD$2001,(Metrics!$H$1-180+68))) -> 0 | T69: =IF((Metrics!$H$1-180+68)<1,"",INDEX(Calc_Daily!$AT$2:$AT$2001,(Metrics!$H$1-180+68))) -> 0 | U69: =IF((Metrics!$H$1-180+68)<1,"",INDEX(Calc_Daily!$AQ$2:$AQ$2001,(Metrics!$H$1-180+68))) -> 0 | V69: =IF((Metrics!$H$1-180+68)<1,"",INDEX(Calc_Daily!$AR$2:$AR$2001,(Metrics!$H$1-180+68))) -> 0
A70: =IF((Metrics!$H$1-180+69)<1,"",INDEX(Calc_Daily!$A$2:$A$2001,(Metrics!$H$1-180+69))) -> 0 | B70: =IF((Metrics!$H$1-180+69)<1,"",INDEX(Calc_Daily!$B$2:$B$2001,(Metrics!$H$1-180+69))) -> 0 | C70: =IF((Metrics!$H$1-180+69)<1,"",INDEX(Calc_Daily!$C$2:$C$2001,(Metrics!$H$1-180+69))) -> 0 | D70: =IF((Metrics!$H$1-180+69)<1,"",INDEX(Calc_Daily!$D$2:$D$2001,(Metrics!$H$1-180+69))) -> 0 | E70: =IF((Metrics!$H$1-180+69)<1,"",INDEX(Calc_Daily!$E$2:$E$2001,(Metrics!$H$1-180+69))) -> 0 | F70: =IF((Metrics!$H$1-180+69)<1,"",INDEX(Calc_Daily!$H$2:$H$2001,(Metrics!$H$1-180+69))) -> 0 | G70: =IF((Metrics!$H$1-180+69)<1,"",INDEX(Calc_Daily!$I$2:$I$2001,(Metrics!$H$1-180+69))) -> 0 | H70: =IF((Metrics!$H$1-180+69)<1,"",INDEX(Calc_Daily!$J$2:$J$2001,(Metrics!$H$1-180+69))) -> 0 | I70: =IF((Metrics!$H$1-180+69)<1,"",INDEX(Calc_Daily!$K$2:$K$2001,(Metrics!$H$1-180+69))) -> 0 | J70: =IF((Metrics!$H$1-180+69)<1,"",INDEX(Calc_Daily!$N$2:$N$2001,(Metrics!$H$1-180+69))) -> 0 | K70: =IF((Metrics!$H$1-180+69)<1,"",70) -> 0 | L70: =IF((Metrics!$H$1-180+69)<1,"",30) -> 0 | M70: =IF((Metrics!$H$1-180+69)<1,"",INDEX(Calc_Daily!$Q$2:$Q$2001,(Metrics!$H$1-180+69))) -> 0 | N70: =IF((Metrics!$H$1-180+69)<1,"",INDEX(Calc_Daily!$R$2:$R$2001,(Metrics!$H$1-180+69))) -> 0 | O70: =IF((Metrics!$H$1-180+69)<1,"",INDEX(Calc_Daily!$S$2:$S$2001,(Metrics!$H$1-180+69))) -> 0 | P70: =IF((Metrics!$H$1-180+69)<1,"",INDEX(Calc_Daily!$AM$2:$AM$2001,(Metrics!$H$1-180+69))) -> 0 | Q70: =IF((Metrics!$H$1-180+69)<1,"",INDEX(Calc_Daily!$AK$2:$AK$2001,(Metrics!$H$1-180+69))) -> 0 | R70: =IF((Metrics!$H$1-180+69)<1,"",INDEX(Calc_Daily!$AN$2:$AN$2001,(Metrics!$H$1-180+69))) -> 0 | S70: =IF((Metrics!$H$1-180+69)<1,"",INDEX(Calc_Daily!$AD$2:$AD$2001,(Metrics!$H$1-180+69))) -> 0 | T70: =IF((Metrics!$H$1-180+69)<1,"",INDEX(Calc_Daily!$AT$2:$AT$2001,(Metrics!$H$1-180+69))) -> 0 | U70: =IF((Metrics!$H$1-180+69)<1,"",INDEX(Calc_Daily!$AQ$2:$AQ$2001,(Metrics!$H$1-180+69))) -> 0 | V70: =IF((Metrics!$H$1-180+69)<1,"",INDEX(Calc_Daily!$AR$2:$AR$2001,(Metrics!$H$1-180+69))) -> 0
A71: =IF((Metrics!$H$1-180+70)<1,"",INDEX(Calc_Daily!$A$2:$A$2001,(Metrics!$H$1-180+70))) -> 0 | B71: =IF((Metrics!$H$1-180+70)<1,"",INDEX(Calc_Daily!$B$2:$B$2001,(Metrics!$H$1-180+70))) -> 0 | C71: =IF((Metrics!$H$1-180+70)<1,"",INDEX(Calc_Daily!$C$2:$C$2001,(Metrics!$H$1-180+70))) -> 0 | D71: =IF((Metrics!$H$1-180+70)<1,"",INDEX(Calc_Daily!$D$2:$D$2001,(Metrics!$H$1-180+70))) -> 0 | E71: =IF((Metrics!$H$1-180+70)<1,"",INDEX(Calc_Daily!$E$2:$E$2001,(Metrics!$H$1-180+70))) -> 0 | F71: =IF((Metrics!$H$1-180+70)<1,"",INDEX(Calc_Daily!$H$2:$H$2001,(Metrics!$H$1-180+70))) -> 0 | G71: =IF((Metrics!$H$1-180+70)<1,"",INDEX(Calc_Daily!$I$2:$I$2001,(Metrics!$H$1-180+70))) -> 0 | H71: =IF((Metrics!$H$1-180+70)<1,"",INDEX(Calc_Daily!$J$2:$J$2001,(Metrics!$H$1-180+70))) -> 0 | I71: =IF((Metrics!$H$1-180+70)<1,"",INDEX(Calc_Daily!$K$2:$K$2001,(Metrics!$H$1-180+70))) -> 0 | J71: =IF((Metrics!$H$1-180+70)<1,"",INDEX(Calc_Daily!$N$2:$N$2001,(Metrics!$H$1-180+70))) -> 0 | K71: =IF((Metrics!$H$1-180+70)<1,"",70) -> 0 | L71: =IF((Metrics!$H$1-180+70)<1,"",30) -> 0 | M71: =IF((Metrics!$H$1-180+70)<1,"",INDEX(Calc_Daily!$Q$2:$Q$2001,(Metrics!$H$1-180+70))) -> 0 | N71: =IF((Metrics!$H$1-180+70)<1,"",INDEX(Calc_Daily!$R$2:$R$2001,(Metrics!$H$1-180+70))) -> 0 | O71: =IF((Metrics!$H$1-180+70)<1,"",INDEX(Calc_Daily!$S$2:$S$2001,(Metrics!$H$1-180+70))) -> 0 | P71: =IF((Metrics!$H$1-180+70)<1,"",INDEX(Calc_Daily!$AM$2:$AM$2001,(Metrics!$H$1-180+70))) -> 0 | Q71: =IF((Metrics!$H$1-180+70)<1,"",INDEX(Calc_Daily!$AK$2:$AK$2001,(Metrics!$H$1-180+70))) -> 0 | R71: =IF((Metrics!$H$1-180+70)<1,"",INDEX(Calc_Daily!$AN$2:$AN$2001,(Metrics!$H$1-180+70))) -> 0 | S71: =IF((Metrics!$H$1-180+70)<1,"",INDEX(Calc_Daily!$AD$2:$AD$2001,(Metrics!$H$1-180+70))) -> 0 | T71: =IF((Metrics!$H$1-180+70)<1,"",INDEX(Calc_Daily!$AT$2:$AT$2001,(Metrics!$H$1-180+70))) -> 0 | U71: =IF((Metrics!$H$1-180+70)<1,"",INDEX(Calc_Daily!$AQ$2:$AQ$2001,(Metrics!$H$1-180+70))) -> 0 | V71: =IF((Metrics!$H$1-180+70)<1,"",INDEX(Calc_Daily!$AR$2:$AR$2001,(Metrics!$H$1-180+70))) -> 0
A72: =IF((Metrics!$H$1-180+71)<1,"",INDEX(Calc_Daily!$A$2:$A$2001,(Metrics!$H$1-180+71))) -> 0 | B72: =IF((Metrics!$H$1-180+71)<1,"",INDEX(Calc_Daily!$B$2:$B$2001,(Metrics!$H$1-180+71))) -> 0 | C72: =IF((Metrics!$H$1-180+71)<1,"",INDEX(Calc_Daily!$C$2:$C$2001,(Metrics!$H$1-180+71))) -> 0 | D72: =IF((Metrics!$H$1-180+71)<1,"",INDEX(Calc_Daily!$D$2:$D$2001,(Metrics!$H$1-180+71))) -> 0 | E72: =IF((Metrics!$H$1-180+71)<1,"",INDEX(Calc_Daily!$E$2:$E$2001,(Metrics!$H$1-180+71))) -> 0 | F72: =IF((Metrics!$H$1-180+71)<1,"",INDEX(Calc_Daily!$H$2:$H$2001,(Metrics!$H$1-180+71))) -> 0 | G72: =IF((Metrics!$H$1-180+71)<1,"",INDEX(Calc_Daily!$I$2:$I$2001,(Metrics!$H$1-180+71))) -> 0 | H72: =IF((Metrics!$H$1-180+71)<1,"",INDEX(Calc_Daily!$J$2:$J$2001,(Metrics!$H$1-180+71))) -> 0 | I72: =IF((Metrics!$H$1-180+71)<1,"",INDEX(Calc_Daily!$K$2:$K$2001,(Metrics!$H$1-180+71))) -> 0 | J72: =IF((Metrics!$H$1-180+71)<1,"",INDEX(Calc_Daily!$N$2:$N$2001,(Metrics!$H$1-180+71))) -> 0 | K72: =IF((Metrics!$H$1-180+71)<1,"",70) -> 0 | L72: =IF((Metrics!$H$1-180+71)<1,"",30) -> 0 | M72: =IF((Metrics!$H$1-180+71)<1,"",INDEX(Calc_Daily!$Q$2:$Q$2001,(Metrics!$H$1-180+71))) -> 0 | N72: =IF((Metrics!$H$1-180+71)<1,"",INDEX(Calc_Daily!$R$2:$R$2001,(Metrics!$H$1-180+71))) -> 0 | O72: =IF((Metrics!$H$1-180+71)<1,"",INDEX(Calc_Daily!$S$2:$S$2001,(Metrics!$H$1-180+71))) -> 0 | P72: =IF((Metrics!$H$1-180+71)<1,"",INDEX(Calc_Daily!$AM$2:$AM$2001,(Metrics!$H$1-180+71))) -> 0 | Q72: =IF((Metrics!$H$1-180+71)<1,"",INDEX(Calc_Daily!$AK$2:$AK$2001,(Metrics!$H$1-180+71))) -> 0 | R72: =IF((Metrics!$H$1-180+71)<1,"",INDEX(Calc_Daily!$AN$2:$AN$2001,(Metrics!$H$1-180+71))) -> 0 | S72: =IF((Metrics!$H$1-180+71)<1,"",INDEX(Calc_Daily!$AD$2:$AD$2001,(Metrics!$H$1-180+71))) -> 0 | T72: =IF((Metrics!$H$1-180+71)<1,"",INDEX(Calc_Daily!$AT$2:$AT$2001,(Metrics!$H$1-180+71))) -> 0 | U72: =IF((Metrics!$H$1-180+71)<1,"",INDEX(Calc_Daily!$AQ$2:$AQ$2001,(Metrics!$H$1-180+71))) -> 0 | V72: =IF((Metrics!$H$1-180+71)<1,"",INDEX(Calc_Daily!$AR$2:$AR$2001,(Metrics!$H$1-180+71))) -> 0
A73: =IF((Metrics!$H$1-180+72)<1,"",INDEX(Calc_Daily!$A$2:$A$2001,(Metrics!$H$1-180+72))) -> 0 | B73: =IF((Metrics!$H$1-180+72)<1,"",INDEX(Calc_Daily!$B$2:$B$2001,(Metrics!$H$1-180+72))) -> 0 | C73: =IF((Metrics!$H$1-180+72)<1,"",INDEX(Calc_Daily!$C$2:$C$2001,(Metrics!$H$1-180+72))) -> 0 | D73: =IF((Metrics!$H$1-180+72)<1,"",INDEX(Calc_Daily!$D$2:$D$2001,(Metrics!$H$1-180+72))) -> 0 | E73: =IF((Metrics!$H$1-180+72)<1,"",INDEX(Calc_Daily!$E$2:$E$2001,(Metrics!$H$1-180+72))) -> 0 | F73: =IF((Metrics!$H$1-180+72)<1,"",INDEX(Calc_Daily!$H$2:$H$2001,(Metrics!$H$1-180+72))) -> 0 | G73: =IF((Metrics!$H$1-180+72)<1,"",INDEX(Calc_Daily!$I$2:$I$2001,(Metrics!$H$1-180+72))) -> 0 | H73: =IF((Metrics!$H$1-180+72)<1,"",INDEX(Calc_Daily!$J$2:$J$2001,(Metrics!$H$1-180+72))) -> 0 | I73: =IF((Metrics!$H$1-180+72)<1,"",INDEX(Calc_Daily!$K$2:$K$2001,(Metrics!$H$1-180+72))) -> 0 | J73: =IF((Metrics!$H$1-180+72)<1,"",INDEX(Calc_Daily!$N$2:$N$2001,(Metrics!$H$1-180+72))) -> 0 | K73: =IF((Metrics!$H$1-180+72)<1,"",70) -> 0 | L73: =IF((Metrics!$H$1-180+72)<1,"",30) -> 0 | M73: =IF((Metrics!$H$1-180+72)<1,"",INDEX(Calc_Daily!$Q$2:$Q$2001,(Metrics!$H$1-180+72))) -> 0 | N73: =IF((Metrics!$H$1-180+72)<1,"",INDEX(Calc_Daily!$R$2:$R$2001,(Metrics!$H$1-180+72))) -> 0 | O73: =IF((Metrics!$H$1-180+72)<1,"",INDEX(Calc_Daily!$S$2:$S$2001,(Metrics!$H$1-180+72))) -> 0 | P73: =IF((Metrics!$H$1-180+72)<1,"",INDEX(Calc_Daily!$AM$2:$AM$2001,(Metrics!$H$1-180+72))) -> 0 | Q73: =IF((Metrics!$H$1-180+72)<1,"",INDEX(Calc_Daily!$AK$2:$AK$2001,(Metrics!$H$1-180+72))) -> 0 | R73: =IF((Metrics!$H$1-180+72)<1,"",INDEX(Calc_Daily!$AN$2:$AN$2001,(Metrics!$H$1-180+72))) -> 0 | S73: =IF((Metrics!$H$1-180+72)<1,"",INDEX(Calc_Daily!$AD$2:$AD$2001,(Metrics!$H$1-180+72))) -> 0 | T73: =IF((Metrics!$H$1-180+72)<1,"",INDEX(Calc_Daily!$AT$2:$AT$2001,(Metrics!$H$1-180+72))) -> 0 | U73: =IF((Metrics!$H$1-180+72)<1,"",INDEX(Calc_Daily!$AQ$2:$AQ$2001,(Metrics!$H$1-180+72))) -> 0 | V73: =IF((Metrics!$H$1-180+72)<1,"",INDEX(Calc_Daily!$AR$2:$AR$2001,(Metrics!$H$1-180+72))) -> 0
A74: =IF((Metrics!$H$1-180+73)<1,"",INDEX(Calc_Daily!$A$2:$A$2001,(Metrics!$H$1-180+73))) -> 0 | B74: =IF((Metrics!$H$1-180+73)<1,"",INDEX(Calc_Daily!$B$2:$B$2001,(Metrics!$H$1-180+73))) -> 0 | C74: =IF((Metrics!$H$1-180+73)<1,"",INDEX(Calc_Daily!$C$2:$C$2001,(Metrics!$H$1-180+73))) -> 0 | D74: =IF((Metrics!$H$1-180+73)<1,"",INDEX(Calc_Daily!$D$2:$D$2001,(Metrics!$H$1-180+73))) -> 0 | E74: =IF((Metrics!$H$1-180+73)<1,"",INDEX(Calc_Daily!$E$2:$E$2001,(Metrics!$H$1-180+73))) -> 0 | F74: =IF((Metrics!$H$1-180+73)<1,"",INDEX(Calc_Daily!$H$2:$H$2001,(Metrics!$H$1-180+73))) -> 0 | G74: =IF((Metrics!$H$1-180+73)<1,"",INDEX(Calc_Daily!$I$2:$I$2001,(Metrics!$H$1-180+73))) -> 0 | H74: =IF((Metrics!$H$1-180+73)<1,"",INDEX(Calc_Daily!$J$2:$J$2001,(Metrics!$H$1-180+73))) -> 0 | I74: =IF((Metrics!$H$1-180+73)<1,"",INDEX(Calc_Daily!$K$2:$K$2001,(Metrics!$H$1-180+73))) -> 0 | J74: =IF((Metrics!$H$1-180+73)<1,"",INDEX(Calc_Daily!$N$2:$N$2001,(Metrics!$H$1-180+73))) -> 0 | K74: =IF((Metrics!$H$1-180+73)<1,"",70) -> 0 | L74: =IF((Metrics!$H$1-180+73)<1,"",30) -> 0 | M74: =IF((Metrics!$H$1-180+73)<1,"",INDEX(Calc_Daily!$Q$2:$Q$2001,(Metrics!$H$1-180+73))) -> 0 | N74: =IF((Metrics!$H$1-180+73)<1,"",INDEX(Calc_Daily!$R$2:$R$2001,(Metrics!$H$1-180+73))) -> 0 | O74: =IF((Metrics!$H$1-180+73)<1,"",INDEX(Calc_Daily!$S$2:$S$2001,(Metrics!$H$1-180+73))) -> 0 | P74: =IF((Metrics!$H$1-180+73)<1,"",INDEX(Calc_Daily!$AM$2:$AM$2001,(Metrics!$H$1-180+73))) -> 0 | Q74: =IF((Metrics!$H$1-180+73)<1,"",INDEX(Calc_Daily!$AK$2:$AK$2001,(Metrics!$H$1-180+73))) -> 0 | R74: =IF((Metrics!$H$1-180+73)<1,"",INDEX(Calc_Daily!$AN$2:$AN$2001,(Metrics!$H$1-180+73))) -> 0 | S74: =IF((Metrics!$H$1-180+73)<1,"",INDEX(Calc_Daily!$AD$2:$AD$2001,(Metrics!$H$1-180+73))) -> 0 | T74: =IF((Metrics!$H$1-180+73)<1,"",INDEX(Calc_Daily!$AT$2:$AT$2001,(Metrics!$H$1-180+73))) -> 0 | U74: =IF((Metrics!$H$1-180+73)<1,"",INDEX(Calc_Daily!$AQ$2:$AQ$2001,(Metrics!$H$1-180+73))) -> 0 | V74: =IF((Metrics!$H$1-180+73)<1,"",INDEX(Calc_Daily!$AR$2:$AR$2001,(Metrics!$H$1-180+73))) -> 0
A75: =IF((Metrics!$H$1-180+74)<1,"",INDEX(Calc_Daily!$A$2:$A$2001,(Metrics!$H$1-180+74))) -> 0 | B75: =IF((Metrics!$H$1-180+74)<1,"",INDEX(Calc_Daily!$B$2:$B$2001,(Metrics!$H$1-180+74))) -> 0 | C75: =IF((Metrics!$H$1-180+74)<1,"",INDEX(Calc_Daily!$C$2:$C$2001,(Metrics!$H$1-180+74))) -> 0 | D75: =IF((Metrics!$H$1-180+74)<1,"",INDEX(Calc_Daily!$D$2:$D$2001,(Metrics!$H$1-180+74))) -> 0 | E75: =IF((Metrics!$H$1-180+74)<1,"",INDEX(Calc_Daily!$E$2:$E$2001,(Metrics!$H$1-180+74))) -> 0 | F75: =IF((Metrics!$H$1-180+74)<1,"",INDEX(Calc_Daily!$H$2:$H$2001,(Metrics!$H$1-180+74))) -> 0 | G75: =IF((Metrics!$H$1-180+74)<1,"",INDEX(Calc_Daily!$I$2:$I$2001,(Metrics!$H$1-180+74))) -> 0 | H75: =IF((Metrics!$H$1-180+74)<1,"",INDEX(Calc_Daily!$J$2:$J$2001,(Metrics!$H$1-180+74))) -> 0 | I75: =IF((Metrics!$H$1-180+74)<1,"",INDEX(Calc_Daily!$K$2:$K$2001,(Metrics!$H$1-180+74))) -> 0 | J75: =IF((Metrics!$H$1-180+74)<1,"",INDEX(Calc_Daily!$N$2:$N$2001,(Metrics!$H$1-180+74))) -> 0 | K75: =IF((Metrics!$H$1-180+74)<1,"",70) -> 0 | L75: =IF((Metrics!$H$1-180+74)<1,"",30) -> 0 | M75: =IF((Metrics!$H$1-180+74)<1,"",INDEX(Calc_Daily!$Q$2:$Q$2001,(Metrics!$H$1-180+74))) -> 0 | N75: =IF((Metrics!$H$1-180+74)<1,"",INDEX(Calc_Daily!$R$2:$R$2001,(Metrics!$H$1-180+74))) -> 0 | O75: =IF((Metrics!$H$1-180+74)<1,"",INDEX(Calc_Daily!$S$2:$S$2001,(Metrics!$H$1-180+74))) -> 0 | P75: =IF((Metrics!$H$1-180+74)<1,"",INDEX(Calc_Daily!$AM$2:$AM$2001,(Metrics!$H$1-180+74))) -> 0 | Q75: =IF((Metrics!$H$1-180+74)<1,"",INDEX(Calc_Daily!$AK$2:$AK$2001,(Metrics!$H$1-180+74))) -> 0 | R75: =IF((Metrics!$H$1-180+74)<1,"",INDEX(Calc_Daily!$AN$2:$AN$2001,(Metrics!$H$1-180+74))) -> 0 | S75: =IF((Metrics!$H$1-180+74)<1,"",INDEX(Calc_Daily!$AD$2:$AD$2001,(Metrics!$H$1-180+74))) -> 0 | T75: =IF((Metrics!$H$1-180+74)<1,"",INDEX(Calc_Daily!$AT$2:$AT$2001,(Metrics!$H$1-180+74))) -> 0 | U75: =IF((Metrics!$H$1-180+74)<1,"",INDEX(Calc_Daily!$AQ$2:$AQ$2001,(Metrics!$H$1-180+74))) -> 0 | V75: =IF((Metrics!$H$1-180+74)<1,"",INDEX(Calc_Daily!$AR$2:$AR$2001,(Metrics!$H$1-180+74))) -> 0
A76: =IF((Metrics!$H$1-180+75)<1,"",INDEX(Calc_Daily!$A$2:$A$2001,(Metrics!$H$1-180+75))) -> 0 | B76: =IF((Metrics!$H$1-180+75)<1,"",INDEX(Calc_Daily!$B$2:$B$2001,(Metrics!$H$1-180+75))) -> 0 | C76: =IF((Metrics!$H$1-180+75)<1,"",INDEX(Calc_Daily!$C$2:$C$2001,(Metrics!$H$1-180+75))) -> 0 | D76: =IF((Metrics!$H$1-180+75)<1,"",INDEX(Calc_Daily!$D$2:$D$2001,(Metrics!$H$1-180+75))) -> 0 | E76: =IF((Metrics!$H$1-180+75)<1,"",INDEX(Calc_Daily!$E$2:$E$2001,(Metrics!$H$1-180+75))) -> 0 | F76: =IF((Metrics!$H$1-180+75)<1,"",INDEX(Calc_Daily!$H$2:$H$2001,(Metrics!$H$1-180+75))) -> 0 | G76: =IF((Metrics!$H$1-180+75)<1,"",INDEX(Calc_Daily!$I$2:$I$2001,(Metrics!$H$1-180+75))) -> 0 | H76: =IF((Metrics!$H$1-180+75)<1,"",INDEX(Calc_Daily!$J$2:$J$2001,(Metrics!$H$1-180+75))) -> 0 | I76: =IF((Metrics!$H$1-180+75)<1,"",INDEX(Calc_Daily!$K$2:$K$2001,(Metrics!$H$1-180+75))) -> 0 | J76: =IF((Metrics!$H$1-180+75)<1,"",INDEX(Calc_Daily!$N$2:$N$2001,(Metrics!$H$1-180+75))) -> 0 | K76: =IF((Metrics!$H$1-180+75)<1,"",70) -> 0 | L76: =IF((Metrics!$H$1-180+75)<1,"",30) -> 0 | M76: =IF((Metrics!$H$1-180+75)<1,"",INDEX(Calc_Daily!$Q$2:$Q$2001,(Metrics!$H$1-180+75))) -> 0 | N76: =IF((Metrics!$H$1-180+75)<1,"",INDEX(Calc_Daily!$R$2:$R$2001,(Metrics!$H$1-180+75))) -> 0 | O76: =IF((Metrics!$H$1-180+75)<1,"",INDEX(Calc_Daily!$S$2:$S$2001,(Metrics!$H$1-180+75))) -> 0 | P76: =IF((Metrics!$H$1-180+75)<1,"",INDEX(Calc_Daily!$AM$2:$AM$2001,(Metrics!$H$1-180+75))) -> 0 | Q76: =IF((Metrics!$H$1-180+75)<1,"",INDEX(Calc_Daily!$AK$2:$AK$2001,(Metrics!$H$1-180+75))) -> 0 | R76: =IF((Metrics!$H$1-180+75)<1,"",INDEX(Calc_Daily!$AN$2:$AN$2001,(Metrics!$H$1-180+75))) -> 0 | S76: =IF((Metrics!$H$1-180+75)<1,"",INDEX(Calc_Daily!$AD$2:$AD$2001,(Metrics!$H$1-180+75))) -> 0 | T76: =IF((Metrics!$H$1-180+75)<1,"",INDEX(Calc_Daily!$AT$2:$AT$2001,(Metrics!$H$1-180+75))) -> 0 | U76: =IF((Metrics!$H$1-180+75)<1,"",INDEX(Calc_Daily!$AQ$2:$AQ$2001,(Metrics!$H$1-180+75))) -> 0 | V76: =IF((Metrics!$H$1-180+75)<1,"",INDEX(Calc_Daily!$AR$2:$AR$2001,(Metrics!$H$1-180+75))) -> 0
A77: =IF((Metrics!$H$1-180+76)<1,"",INDEX(Calc_Daily!$A$2:$A$2001,(Metrics!$H$1-180+76))) -> 0 | B77: =IF((Metrics!$H$1-180+76)<1,"",INDEX(Calc_Daily!$B$2:$B$2001,(Metrics!$H$1-180+76))) -> 0 | C77: =IF((Metrics!$H$1-180+76)<1,"",INDEX(Calc_Daily!$C$2:$C$2001,(Metrics!$H$1-180+76))) -> 0 | D77: =IF((Metrics!$H$1-180+76)<1,"",INDEX(Calc_Daily!$D$2:$D$2001,(Metrics!$H$1-180+76))) -> 0 | E77: =IF((Metrics!$H$1-180+76)<1,"",INDEX(Calc_Daily!$E$2:$E$2001,(Metrics!$H$1-180+76))) -> 0 | F77: =IF((Metrics!$H$1-180+76)<1,"",INDEX(Calc_Daily!$H$2:$H$2001,(Metrics!$H$1-180+76))) -> 0 | G77: =IF((Metrics!$H$1-180+76)<1,"",INDEX(Calc_Daily!$I$2:$I$2001,(Metrics!$H$1-180+76))) -> 0 | H77: =IF((Metrics!$H$1-180+76)<1,"",INDEX(Calc_Daily!$J$2:$J$2001,(Metrics!$H$1-180+76))) -> 0 | I77: =IF((Metrics!$H$1-180+76)<1,"",INDEX(Calc_Daily!$K$2:$K$2001,(Metrics!$H$1-180+76))) -> 0 | J77: =IF((Metrics!$H$1-180+76)<1,"",INDEX(Calc_Daily!$N$2:$N$2001,(Metrics!$H$1-180+76))) -> 0 | K77: =IF((Metrics!$H$1-180+76)<1,"",70) -> 0 | L77: =IF((Metrics!$H$1-180+76)<1,"",30) -> 0 | M77: =IF((Metrics!$H$1-180+76)<1,"",INDEX(Calc_Daily!$Q$2:$Q$2001,(Metrics!$H$1-180+76))) -> 0 | N77: =IF((Metrics!$H$1-180+76)<1,"",INDEX(Calc_Daily!$R$2:$R$2001,(Metrics!$H$1-180+76))) -> 0 | O77: =IF((Metrics!$H$1-180+76)<1,"",INDEX(Calc_Daily!$S$2:$S$2001,(Metrics!$H$1-180+76))) -> 0 | P77: =IF((Metrics!$H$1-180+76)<1,"",INDEX(Calc_Daily!$AM$2:$AM$2001,(Metrics!$H$1-180+76))) -> 0 | Q77: =IF((Metrics!$H$1-180+76)<1,"",INDEX(Calc_Daily!$AK$2:$AK$2001,(Metrics!$H$1-180+76))) -> 0 | R77: =IF((Metrics!$H$1-180+76)<1,"",INDEX(Calc_Daily!$AN$2:$AN$2001,(Metrics!$H$1-180+76))) -> 0 | S77: =IF((Metrics!$H$1-180+76)<1,"",INDEX(Calc_Daily!$AD$2:$AD$2001,(Metrics!$H$1-180+76))) -> 0 | T77: =IF((Metrics!$H$1-180+76)<1,"",INDEX(Calc_Daily!$AT$2:$AT$2001,(Metrics!$H$1-180+76))) -> 0 | U77: =IF((Metrics!$H$1-180+76)<1,"",INDEX(Calc_Daily!$AQ$2:$AQ$2001,(Metrics!$H$1-180+76))) -> 0 | V77: =IF((Metrics!$H$1-180+76)<1,"",INDEX(Calc_Daily!$AR$2:$AR$2001,(Metrics!$H$1-180+76))) -> 0
A78: =IF((Metrics!$H$1-180+77)<1,"",INDEX(Calc_Daily!$A$2:$A$2001,(Metrics!$H$1-180+77))) -> 0 | B78: =IF((Metrics!$H$1-180+77)<1,"",INDEX(Calc_Daily!$B$2:$B$2001,(Metrics!$H$1-180+77))) -> 0 | C78: =IF((Metrics!$H$1-180+77)<1,"",INDEX(Calc_Daily!$C$2:$C$2001,(Metrics!$H$1-180+77))) -> 0 | D78: =IF((Metrics!$H$1-180+77)<1,"",INDEX(Calc_Daily!$D$2:$D$2001,(Metrics!$H$1-180+77))) -> 0 | E78: =IF((Metrics!$H$1-180+77)<1,"",INDEX(Calc_Daily!$E$2:$E$2001,(Metrics!$H$1-180+77))) -> 0 | F78: =IF((Metrics!$H$1-180+77)<1,"",INDEX(Calc_Daily!$H$2:$H$2001,(Metrics!$H$1-180+77))) -> 0 | G78: =IF((Metrics!$H$1-180+77)<1,"",INDEX(Calc_Daily!$I$2:$I$2001,(Metrics!$H$1-180+77))) -> 0 | H78: =IF((Metrics!$H$1-180+77)<1,"",INDEX(Calc_Daily!$J$2:$J$2001,(Metrics!$H$1-180+77))) -> 0 | I78: =IF((Metrics!$H$1-180+77)<1,"",INDEX(Calc_Daily!$K$2:$K$2001,(Metrics!$H$1-180+77))) -> 0 | J78: =IF((Metrics!$H$1-180+77)<1,"",INDEX(Calc_Daily!$N$2:$N$2001,(Metrics!$H$1-180+77))) -> 0 | K78: =IF((Metrics!$H$1-180+77)<1,"",70) -> 0 | L78: =IF((Metrics!$H$1-180+77)<1,"",30) -> 0 | M78: =IF((Metrics!$H$1-180+77)<1,"",INDEX(Calc_Daily!$Q$2:$Q$2001,(Metrics!$H$1-180+77))) -> 0 | N78: =IF((Metrics!$H$1-180+77)<1,"",INDEX(Calc_Daily!$R$2:$R$2001,(Metrics!$H$1-180+77))) -> 0 | O78: =IF((Metrics!$H$1-180+77)<1,"",INDEX(Calc_Daily!$S$2:$S$2001,(Metrics!$H$1-180+77))) -> 0 | P78: =IF((Metrics!$H$1-180+77)<1,"",INDEX(Calc_Daily!$AM$2:$AM$2001,(Metrics!$H$1-180+77))) -> 0 | Q78: =IF((Metrics!$H$1-180+77)<1,"",INDEX(Calc_Daily!$AK$2:$AK$2001,(Metrics!$H$1-180+77))) -> 0 | R78: =IF((Metrics!$H$1-180+77)<1,"",INDEX(Calc_Daily!$AN$2:$AN$2001,(Metrics!$H$1-180+77))) -> 0 | S78: =IF((Metrics!$H$1-180+77)<1,"",INDEX(Calc_Daily!$AD$2:$AD$2001,(Metrics!$H$1-180+77))) -> 0 | T78: =IF((Metrics!$H$1-180+77)<1,"",INDEX(Calc_Daily!$AT$2:$AT$2001,(Metrics!$H$1-180+77))) -> 0 | U78: =IF((Metrics!$H$1-180+77)<1,"",INDEX(Calc_Daily!$AQ$2:$AQ$2001,(Metrics!$H$1-180+77))) -> 0 | V78: =IF((Metrics!$H$1-180+77)<1,"",INDEX(Calc_Daily!$AR$2:$AR$2001,(Metrics!$H$1-180+77))) -> 0
A79: =IF((Metrics!$H$1-180+78)<1,"",INDEX(Calc_Daily!$A$2:$A$2001,(Metrics!$H$1-180+78))) -> 0 | B79: =IF((Metrics!$H$1-180+78)<1,"",INDEX(Calc_Daily!$B$2:$B$2001,(Metrics!$H$1-180+78))) -> 0 | C79: =IF((Metrics!$H$1-180+78)<1,"",INDEX(Calc_Daily!$C$2:$C$2001,(Metrics!$H$1-180+78))) -> 0 | D79: =IF((Metrics!$H$1-180+78)<1,"",INDEX(Calc_Daily!$D$2:$D$2001,(Metrics!$H$1-180+78))) -> 0 | E79: =IF((Metrics!$H$1-180+78)<1,"",INDEX(Calc_Daily!$E$2:$E$2001,(Metrics!$H$1-180+78))) -> 0 | F79: =IF((Metrics!$H$1-180+78)<1,"",INDEX(Calc_Daily!$H$2:$H$2001,(Metrics!$H$1-180+78))) -> 0 | G79: =IF((Metrics!$H$1-180+78)<1,"",INDEX(Calc_Daily!$I$2:$I$2001,(Metrics!$H$1-180+78))) -> 0 | H79: =IF((Metrics!$H$1-180+78)<1,"",INDEX(Calc_Daily!$J$2:$J$2001,(Metrics!$H$1-180+78))) -> 0 | I79: =IF((Metrics!$H$1-180+78)<1,"",INDEX(Calc_Daily!$K$2:$K$2001,(Metrics!$H$1-180+78))) -> 0 | J79: =IF((Metrics!$H$1-180+78)<1,"",INDEX(Calc_Daily!$N$2:$N$2001,(Metrics!$H$1-180+78))) -> 0 | K79: =IF((Metrics!$H$1-180+78)<1,"",70) -> 0 | L79: =IF((Metrics!$H$1-180+78)<1,"",30) -> 0 | M79: =IF((Metrics!$H$1-180+78)<1,"",INDEX(Calc_Daily!$Q$2:$Q$2001,(Metrics!$H$1-180+78))) -> 0 | N79: =IF((Metrics!$H$1-180+78)<1,"",INDEX(Calc_Daily!$R$2:$R$2001,(Metrics!$H$1-180+78))) -> 0 | O79: =IF((Metrics!$H$1-180+78)<1,"",INDEX(Calc_Daily!$S$2:$S$2001,(Metrics!$H$1-180+78))) -> 0 | P79: =IF((Metrics!$H$1-180+78)<1,"",INDEX(Calc_Daily!$AM$2:$AM$2001,(Metrics!$H$1-180+78))) -> 0 | Q79: =IF((Metrics!$H$1-180+78)<1,"",INDEX(Calc_Daily!$AK$2:$AK$2001,(Metrics!$H$1-180+78))) -> 0 | R79: =IF((Metrics!$H$1-180+78)<1,"",INDEX(Calc_Daily!$AN$2:$AN$2001,(Metrics!$H$1-180+78))) -> 0 | S79: =IF((Metrics!$H$1-180+78)<1,"",INDEX(Calc_Daily!$AD$2:$AD$2001,(Metrics!$H$1-180+78))) -> 0 | T79: =IF((Metrics!$H$1-180+78)<1,"",INDEX(Calc_Daily!$AT$2:$AT$2001,(Metrics!$H$1-180+78))) -> 0 | U79: =IF((Metrics!$H$1-180+78)<1,"",INDEX(Calc_Daily!$AQ$2:$AQ$2001,(Metrics!$H$1-180+78))) -> 0 | V79: =IF((Metrics!$H$1-180+78)<1,"",INDEX(Calc_Daily!$AR$2:$AR$2001,(Metrics!$H$1-180+78))) -> 0
A80: =IF((Metrics!$H$1-180+79)<1,"",INDEX(Calc_Daily!$A$2:$A$2001,(Metrics!$H$1-180+79))) -> 0 | B80: =IF((Metrics!$H$1-180+79)<1,"",INDEX(Calc_Daily!$B$2:$B$2001,(Metrics!$H$1-180+79))) -> 0 | C80: =IF((Metrics!$H$1-180+79)<1,"",INDEX(Calc_Daily!$C$2:$C$2001,(Metrics!$H$1-180+79))) -> 0 | D80: =IF((Metrics!$H$1-180+79)<1,"",INDEX(Calc_Daily!$D$2:$D$2001,(Metrics!$H$1-180+79))) -> 0 | E80: =IF((Metrics!$H$1-180+79)<1,"",INDEX(Calc_Daily!$E$2:$E$2001,(Metrics!$H$1-180+79))) -> 0 | F80: =IF((Metrics!$H$1-180+79)<1,"",INDEX(Calc_Daily!$H$2:$H$2001,(Metrics!$H$1-180+79))) -> 0 | G80: =IF((Metrics!$H$1-180+79)<1,"",INDEX(Calc_Daily!$I$2:$I$2001,(Metrics!$H$1-180+79))) -> 0 | H80: =IF((Metrics!$H$1-180+79)<1,"",INDEX(Calc_Daily!$J$2:$J$2001,(Metrics!$H$1-180+79))) -> 0 | I80: =IF((Metrics!$H$1-180+79)<1,"",INDEX(Calc_Daily!$K$2:$K$2001,(Metrics!$H$1-180+79))) -> 0 | J80: =IF((Metrics!$H$1-180+79)<1,"",INDEX(Calc_Daily!$N$2:$N$2001,(Metrics!$H$1-180+79))) -> 0 | K80: =IF((Metrics!$H$1-180+79)<1,"",70) -> 0 | L80: =IF((Metrics!$H$1-180+79)<1,"",30) -> 0 | M80: =IF((Metrics!$H$1-180+79)<1,"",INDEX(Calc_Daily!$Q$2:$Q$2001,(Metrics!$H$1-180+79))) -> 0 | N80: =IF((Metrics!$H$1-180+79)<1,"",INDEX(Calc_Daily!$R$2:$R$2001,(Metrics!$H$1-180+79))) -> 0 | O80: =IF((Metrics!$H$1-180+79)<1,"",INDEX(Calc_Daily!$S$2:$S$2001,(Metrics!$H$1-180+79))) -> 0 | P80: =IF((Metrics!$H$1-180+79)<1,"",INDEX(Calc_Daily!$AM$2:$AM$2001,(Metrics!$H$1-180+79))) -> 0 | Q80: =IF((Metrics!$H$1-180+79)<1,"",INDEX(Calc_Daily!$AK$2:$AK$2001,(Metrics!$H$1-180+79))) -> 0 | R80: =IF((Metrics!$H$1-180+79)<1,"",INDEX(Calc_Daily!$AN$2:$AN$2001,(Metrics!$H$1-180+79))) -> 0 | S80: =IF((Metrics!$H$1-180+79)<1,"",INDEX(Calc_Daily!$AD$2:$AD$2001,(Metrics!$H$1-180+79))) -> 0 | T80: =IF((Metrics!$H$1-180+79)<1,"",INDEX(Calc_Daily!$AT$2:$AT$2001,(Metrics!$H$1-180+79))) -> 0 | U80: =IF((Metrics!$H$1-180+79)<1,"",INDEX(Calc_Daily!$AQ$2:$AQ$2001,(Metrics!$H$1-180+79))) -> 0 | V80: =IF((Metrics!$H$1-180+79)<1,"",INDEX(Calc_Daily!$AR$2:$AR$2001,(Metrics!$H$1-180+79))) -> 0
A81: =IF((Metrics!$H$1-180+80)<1,"",INDEX(Calc_Daily!$A$2:$A$2001,(Metrics!$H$1-180+80))) -> 0 | B81: =IF((Metrics!$H$1-180+80)<1,"",INDEX(Calc_Daily!$B$2:$B$2001,(Metrics!$H$1-180+80))) -> 0 | C81: =IF((Metrics!$H$1-180+80)<1,"",INDEX(Calc_Daily!$C$2:$C$2001,(Metrics!$H$1-180+80))) -> 0 | D81: =IF((Metrics!$H$1-180+80)<1,"",INDEX(Calc_Daily!$D$2:$D$2001,(Metrics!$H$1-180+80))) -> 0 | E81: =IF((Metrics!$H$1-180+80)<1,"",INDEX(Calc_Daily!$E$2:$E$2001,(Metrics!$H$1-180+80))) -> 0 | F81: =IF((Metrics!$H$1-180+80)<1,"",INDEX(Calc_Daily!$H$2:$H$2001,(Metrics!$H$1-180+80))) -> 0 | G81: =IF((Metrics!$H$1-180+80)<1,"",INDEX(Calc_Daily!$I$2:$I$2001,(Metrics!$H$1-180+80))) -> 0 | H81: =IF((Metrics!$H$1-180+80)<1,"",INDEX(Calc_Daily!$J$2:$J$2001,(Metrics!$H$1-180+80))) -> 0 | I81: =IF((Metrics!$H$1-180+80)<1,"",INDEX(Calc_Daily!$K$2:$K$2001,(Metrics!$H$1-180+80))) -> 0 | J81: =IF((Metrics!$H$1-180+80)<1,"",INDEX(Calc_Daily!$N$2:$N$2001,(Metrics!$H$1-180+80))) -> 0 | K81: =IF((Metrics!$H$1-180+80)<1,"",70) -> 0 | L81: =IF((Metrics!$H$1-180+80)<1,"",30) -> 0 | M81: =IF((Metrics!$H$1-180+80)<1,"",INDEX(Calc_Daily!$Q$2:$Q$2001,(Metrics!$H$1-180+80))) -> 0 | N81: =IF((Metrics!$H$1-180+80)<1,"",INDEX(Calc_Daily!$R$2:$R$2001,(Metrics!$H$1-180+80))) -> 0 | O81: =IF((Metrics!$H$1-180+80)<1,"",INDEX(Calc_Daily!$S$2:$S$2001,(Metrics!$H$1-180+80))) -> 0 | P81: =IF((Metrics!$H$1-180+80)<1,"",INDEX(Calc_Daily!$AM$2:$AM$2001,(Metrics!$H$1-180+80))) -> 0 | Q81: =IF((Metrics!$H$1-180+80)<1,"",INDEX(Calc_Daily!$AK$2:$AK$2001,(Metrics!$H$1-180+80))) -> 0 | R81: =IF((Metrics!$H$1-180+80)<1,"",INDEX(Calc_Daily!$AN$2:$AN$2001,(Metrics!$H$1-180+80))) -> 0 | S81: =IF((Metrics!$H$1-180+80)<1,"",INDEX(Calc_Daily!$AD$2:$AD$2001,(Metrics!$H$1-180+80))) -> 0 | T81: =IF((Metrics!$H$1-180+80)<1,"",INDEX(Calc_Daily!$AT$2:$AT$2001,(Metrics!$H$1-180+80))) -> 0 | U81: =IF((Metrics!$H$1-180+80)<1,"",INDEX(Calc_Daily!$AQ$2:$AQ$2001,(Metrics!$H$1-180+80))) -> 0 | V81: =IF((Metrics!$H$1-180+80)<1,"",INDEX(Calc_Daily!$AR$2:$AR$2001,(Metrics!$H$1-180+80))) -> 0
A82: =IF((Metrics!$H$1-180+81)<1,"",INDEX(Calc_Daily!$A$2:$A$2001,(Metrics!$H$1-180+81))) -> 0 | B82: =IF((Metrics!$H$1-180+81)<1,"",INDEX(Calc_Daily!$B$2:$B$2001,(Metrics!$H$1-180+81))) -> 0 | C82: =IF((Metrics!$H$1-180+81)<1,"",INDEX(Calc_Daily!$C$2:$C$2001,(Metrics!$H$1-180+81))) -> 0 | D82: =IF((Metrics!$H$1-180+81)<1,"",INDEX(Calc_Daily!$D$2:$D$2001,(Metrics!$H$1-180+81))) -> 0 | E82: =IF((Metrics!$H$1-180+81)<1,"",INDEX(Calc_Daily!$E$2:$E$2001,(Metrics!$H$1-180+81))) -> 0 | F82: =IF((Metrics!$H$1-180+81)<1,"",INDEX(Calc_Daily!$H$2:$H$2001,(Metrics!$H$1-180+81))) -> 0 | G82: =IF((Metrics!$H$1-180+81)<1,"",INDEX(Calc_Daily!$I$2:$I$2001,(Metrics!$H$1-180+81))) -> 0 | H82: =IF((Metrics!$H$1-180+81)<1,"",INDEX(Calc_Daily!$J$2:$J$2001,(Metrics!$H$1-180+81))) -> 0 | I82: =IF((Metrics!$H$1-180+81)<1,"",INDEX(Calc_Daily!$K$2:$K$2001,(Metrics!$H$1-180+81))) -> 0 | J82: =IF((Metrics!$H$1-180+81)<1,"",INDEX(Calc_Daily!$N$2:$N$2001,(Metrics!$H$1-180+81))) -> 0 | K82: =IF((Metrics!$H$1-180+81)<1,"",70) -> 0 | L82: =IF((Metrics!$H$1-180+81)<1,"",30) -> 0 | M82: =IF((Metrics!$H$1-180+81)<1,"",INDEX(Calc_Daily!$Q$2:$Q$2001,(Metrics!$H$1-180+81))) -> 0 | N82: =IF((Metrics!$H$1-180+81)<1,"",INDEX(Calc_Daily!$R$2:$R$2001,(Metrics!$H$1-180+81))) -> 0 | O82: =IF((Metrics!$H$1-180+81)<1,"",INDEX(Calc_Daily!$S$2:$S$2001,(Metrics!$H$1-180+81))) -> 0 | P82: =IF((Metrics!$H$1-180+81)<1,"",INDEX(Calc_Daily!$AM$2:$AM$2001,(Metrics!$H$1-180+81))) -> 0 | Q82: =IF((Metrics!$H$1-180+81)<1,"",INDEX(Calc_Daily!$AK$2:$AK$2001,(Metrics!$H$1-180+81))) -> 0 | R82: =IF((Metrics!$H$1-180+81)<1,"",INDEX(Calc_Daily!$AN$2:$AN$2001,(Metrics!$H$1-180+81))) -> 0 | S82: =IF((Metrics!$H$1-180+81)<1,"",INDEX(Calc_Daily!$AD$2:$AD$2001,(Metrics!$H$1-180+81))) -> 0 | T82: =IF((Metrics!$H$1-180+81)<1,"",INDEX(Calc_Daily!$AT$2:$AT$2001,(Metrics!$H$1-180+81))) -> 0 | U82: =IF((Metrics!$H$1-180+81)<1,"",INDEX(Calc_Daily!$AQ$2:$AQ$2001,(Metrics!$H$1-180+81))) -> 0 | V82: =IF((Metrics!$H$1-180+81)<1,"",INDEX(Calc_Daily!$AR$2:$AR$2001,(Metrics!$H$1-180+81))) -> 0
A83: =IF((Metrics!$H$1-180+82)<1,"",INDEX(Calc_Daily!$A$2:$A$2001,(Metrics!$H$1-180+82))) -> 0 | B83: =IF((Metrics!$H$1-180+82)<1,"",INDEX(Calc_Daily!$B$2:$B$2001,(Metrics!$H$1-180+82))) -> 0 | C83: =IF((Metrics!$H$1-180+82)<1,"",INDEX(Calc_Daily!$C$2:$C$2001,(Metrics!$H$1-180+82))) -> 0 | D83: =IF((Metrics!$H$1-180+82)<1,"",INDEX(Calc_Daily!$D$2:$D$2001,(Metrics!$H$1-180+82))) -> 0 | E83: =IF((Metrics!$H$1-180+82)<1,"",INDEX(Calc_Daily!$E$2:$E$2001,(Metrics!$H$1-180+82))) -> 0 | F83: =IF((Metrics!$H$1-180+82)<1,"",INDEX(Calc_Daily!$H$2:$H$2001,(Metrics!$H$1-180+82))) -> 0 | G83: =IF((Metrics!$H$1-180+82)<1,"",INDEX(Calc_Daily!$I$2:$I$2001,(Metrics!$H$1-180+82))) -> 0 | H83: =IF((Metrics!$H$1-180+82)<1,"",INDEX(Calc_Daily!$J$2:$J$2001,(Metrics!$H$1-180+82))) -> 0 | I83: =IF((Metrics!$H$1-180+82)<1,"",INDEX(Calc_Daily!$K$2:$K$2001,(Metrics!$H$1-180+82))) -> 0 | J83: =IF((Metrics!$H$1-180+82)<1,"",INDEX(Calc_Daily!$N$2:$N$2001,(Metrics!$H$1-180+82))) -> 0 | K83: =IF((Metrics!$H$1-180+82)<1,"",70) -> 0 | L83: =IF((Metrics!$H$1-180+82)<1,"",30) -> 0 | M83: =IF((Metrics!$H$1-180+82)<1,"",INDEX(Calc_Daily!$Q$2:$Q$2001,(Metrics!$H$1-180+82))) -> 0 | N83: =IF((Metrics!$H$1-180+82)<1,"",INDEX(Calc_Daily!$R$2:$R$2001,(Metrics!$H$1-180+82))) -> 0 | O83: =IF((Metrics!$H$1-180+82)<1,"",INDEX(Calc_Daily!$S$2:$S$2001,(Metrics!$H$1-180+82))) -> 0 | P83: =IF((Metrics!$H$1-180+82)<1,"",INDEX(Calc_Daily!$AM$2:$AM$2001,(Metrics!$H$1-180+82))) -> 0 | Q83: =IF((Metrics!$H$1-180+82)<1,"",INDEX(Calc_Daily!$AK$2:$AK$2001,(Metrics!$H$1-180+82))) -> 0 | R83: =IF((Metrics!$H$1-180+82)<1,"",INDEX(Calc_Daily!$AN$2:$AN$2001,(Metrics!$H$1-180+82))) -> 0 | S83: =IF((Metrics!$H$1-180+82)<1,"",INDEX(Calc_Daily!$AD$2:$AD$2001,(Metrics!$H$1-180+82))) -> 0 | T83: =IF((Metrics!$H$1-180+82)<1,"",INDEX(Calc_Daily!$AT$2:$AT$2001,(Metrics!$H$1-180+82))) -> 0 | U83: =IF((Metrics!$H$1-180+82)<1,"",INDEX(Calc_Daily!$AQ$2:$AQ$2001,(Metrics!$H$1-180+82))) -> 0 | V83: =IF((Metrics!$H$1-180+82)<1,"",INDEX(Calc_Daily!$AR$2:$AR$2001,(Metrics!$H$1-180+82))) -> 0
A84: =IF((Metrics!$H$1-180+83)<1,"",INDEX(Calc_Daily!$A$2:$A$2001,(Metrics!$H$1-180+83))) -> 0 | B84: =IF((Metrics!$H$1-180+83)<1,"",INDEX(Calc_Daily!$B$2:$B$2001,(Metrics!$H$1-180+83))) -> 0 | C84: =IF((Metrics!$H$1-180+83)<1,"",INDEX(Calc_Daily!$C$2:$C$2001,(Metrics!$H$1-180+83))) -> 0 | D84: =IF((Metrics!$H$1-180+83)<1,"",INDEX(Calc_Daily!$D$2:$D$2001,(Metrics!$H$1-180+83))) -> 0 | E84: =IF((Metrics!$H$1-180+83)<1,"",INDEX(Calc_Daily!$E$2:$E$2001,(Metrics!$H$1-180+83))) -> 0 | F84: =IF((Metrics!$H$1-180+83)<1,"",INDEX(Calc_Daily!$H$2:$H$2001,(Metrics!$H$1-180+83))) -> 0 | G84: =IF((Metrics!$H$1-180+83)<1,"",INDEX(Calc_Daily!$I$2:$I$2001,(Metrics!$H$1-180+83))) -> 0 | H84: =IF((Metrics!$H$1-180+83)<1,"",INDEX(Calc_Daily!$J$2:$J$2001,(Metrics!$H$1-180+83))) -> 0 | I84: =IF((Metrics!$H$1-180+83)<1,"",INDEX(Calc_Daily!$K$2:$K$2001,(Metrics!$H$1-180+83))) -> 0 | J84: =IF((Metrics!$H$1-180+83)<1,"",INDEX(Calc_Daily!$N$2:$N$2001,(Metrics!$H$1-180+83))) -> 0 | K84: =IF((Metrics!$H$1-180+83)<1,"",70) -> 0 | L84: =IF((Metrics!$H$1-180+83)<1,"",30) -> 0 | M84: =IF((Metrics!$H$1-180+83)<1,"",INDEX(Calc_Daily!$Q$2:$Q$2001,(Metrics!$H$1-180+83))) -> 0 | N84: =IF((Metrics!$H$1-180+83)<1,"",INDEX(Calc_Daily!$R$2:$R$2001,(Metrics!$H$1-180+83))) -> 0 | O84: =IF((Metrics!$H$1-180+83)<1,"",INDEX(Calc_Daily!$S$2:$S$2001,(Metrics!$H$1-180+83))) -> 0 | P84: =IF((Metrics!$H$1-180+83)<1,"",INDEX(Calc_Daily!$AM$2:$AM$2001,(Metrics!$H$1-180+83))) -> 0 | Q84: =IF((Metrics!$H$1-180+83)<1,"",INDEX(Calc_Daily!$AK$2:$AK$2001,(Metrics!$H$1-180+83))) -> 0 | R84: =IF((Metrics!$H$1-180+83)<1,"",INDEX(Calc_Daily!$AN$2:$AN$2001,(Metrics!$H$1-180+83))) -> 0 | S84: =IF((Metrics!$H$1-180+83)<1,"",INDEX(Calc_Daily!$AD$2:$AD$2001,(Metrics!$H$1-180+83))) -> 0 | T84: =IF((Metrics!$H$1-180+83)<1,"",INDEX(Calc_Daily!$AT$2:$AT$2001,(Metrics!$H$1-180+83))) -> 0 | U84: =IF((Metrics!$H$1-180+83)<1,"",INDEX(Calc_Daily!$AQ$2:$AQ$2001,(Metrics!$H$1-180+83))) -> 0 | V84: =IF((Metrics!$H$1-180+83)<1,"",INDEX(Calc_Daily!$AR$2:$AR$2001,(Metrics!$H$1-180+83))) -> 0
A85: =IF((Metrics!$H$1-180+84)<1,"",INDEX(Calc_Daily!$A$2:$A$2001,(Metrics!$H$1-180+84))) -> 0 | B85: =IF((Metrics!$H$1-180+84)<1,"",INDEX(Calc_Daily!$B$2:$B$2001,(Metrics!$H$1-180+84))) -> 0 | C85: =IF((Metrics!$H$1-180+84)<1,"",INDEX(Calc_Daily!$C$2:$C$2001,(Metrics!$H$1-180+84))) -> 0 | D85: =IF((Metrics!$H$1-180+84)<1,"",INDEX(Calc_Daily!$D$2:$D$2001,(Metrics!$H$1-180+84))) -> 0 | E85: =IF((Metrics!$H$1-180+84)<1,"",INDEX(Calc_Daily!$E$2:$E$2001,(Metrics!$H$1-180+84))) -> 0 | F85: =IF((Metrics!$H$1-180+84)<1,"",INDEX(Calc_Daily!$H$2:$H$2001,(Metrics!$H$1-180+84))) -> 0 | G85: =IF((Metrics!$H$1-180+84)<1,"",INDEX(Calc_Daily!$I$2:$I$2001,(Metrics!$H$1-180+84))) -> 0 | H85: =IF((Metrics!$H$1-180+84)<1,"",INDEX(Calc_Daily!$J$2:$J$2001,(Metrics!$H$1-180+84))) -> 0 | I85: =IF((Metrics!$H$1-180+84)<1,"",INDEX(Calc_Daily!$K$2:$K$2001,(Metrics!$H$1-180+84))) -> 0 | J85: =IF((Metrics!$H$1-180+84)<1,"",INDEX(Calc_Daily!$N$2:$N$2001,(Metrics!$H$1-180+84))) -> 0 | K85: =IF((Metrics!$H$1-180+84)<1,"",70) -> 0 | L85: =IF((Metrics!$H$1-180+84)<1,"",30) -> 0 | M85: =IF((Metrics!$H$1-180+84)<1,"",INDEX(Calc_Daily!$Q$2:$Q$2001,(Metrics!$H$1-180+84))) -> 0 | N85: =IF((Metrics!$H$1-180+84)<1,"",INDEX(Calc_Daily!$R$2:$R$2001,(Metrics!$H$1-180+84))) -> 0 | O85: =IF((Metrics!$H$1-180+84)<1,"",INDEX(Calc_Daily!$S$2:$S$2001,(Metrics!$H$1-180+84))) -> 0 | P85: =IF((Metrics!$H$1-180+84)<1,"",INDEX(Calc_Daily!$AM$2:$AM$2001,(Metrics!$H$1-180+84))) -> 0 | Q85: =IF((Metrics!$H$1-180+84)<1,"",INDEX(Calc_Daily!$AK$2:$AK$2001,(Metrics!$H$1-180+84))) -> 0 | R85: =IF((Metrics!$H$1-180+84)<1,"",INDEX(Calc_Daily!$AN$2:$AN$2001,(Metrics!$H$1-180+84))) -> 0 | S85: =IF((Metrics!$H$1-180+84)<1,"",INDEX(Calc_Daily!$AD$2:$AD$2001,(Metrics!$H$1-180+84))) -> 0 | T85: =IF((Metrics!$H$1-180+84)<1,"",INDEX(Calc_Daily!$AT$2:$AT$2001,(Metrics!$H$1-180+84))) -> 0 | U85: =IF((Metrics!$H$1-180+84)<1,"",INDEX(Calc_Daily!$AQ$2:$AQ$2001,(Metrics!$H$1-180+84))) -> 0 | V85: =IF((Metrics!$H$1-180+84)<1,"",INDEX(Calc_Daily!$AR$2:$AR$2001,(Metrics!$H$1-180+84))) -> 0
A86: =IF((Metrics!$H$1-180+85)<1,"",INDEX(Calc_Daily!$A$2:$A$2001,(Metrics!$H$1-180+85))) -> 0 | B86: =IF((Metrics!$H$1-180+85)<1,"",INDEX(Calc_Daily!$B$2:$B$2001,(Metrics!$H$1-180+85))) -> 0 | C86: =IF((Metrics!$H$1-180+85)<1,"",INDEX(Calc_Daily!$C$2:$C$2001,(Metrics!$H$1-180+85))) -> 0 | D86: =IF((Metrics!$H$1-180+85)<1,"",INDEX(Calc_Daily!$D$2:$D$2001,(Metrics!$H$1-180+85))) -> 0 | E86: =IF((Metrics!$H$1-180+85)<1,"",INDEX(Calc_Daily!$E$2:$E$2001,(Metrics!$H$1-180+85))) -> 0 | F86: =IF((Metrics!$H$1-180+85)<1,"",INDEX(Calc_Daily!$H$2:$H$2001,(Metrics!$H$1-180+85))) -> 0 | G86: =IF((Metrics!$H$1-180+85)<1,"",INDEX(Calc_Daily!$I$2:$I$2001,(Metrics!$H$1-180+85))) -> 0 | H86: =IF((Metrics!$H$1-180+85)<1,"",INDEX(Calc_Daily!$J$2:$J$2001,(Metrics!$H$1-180+85))) -> 0 | I86: =IF((Metrics!$H$1-180+85)<1,"",INDEX(Calc_Daily!$K$2:$K$2001,(Metrics!$H$1-180+85))) -> 0 | J86: =IF((Metrics!$H$1-180+85)<1,"",INDEX(Calc_Daily!$N$2:$N$2001,(Metrics!$H$1-180+85))) -> 0 | K86: =IF((Metrics!$H$1-180+85)<1,"",70) -> 0 | L86: =IF((Metrics!$H$1-180+85)<1,"",30) -> 0 | M86: =IF((Metrics!$H$1-180+85)<1,"",INDEX(Calc_Daily!$Q$2:$Q$2001,(Metrics!$H$1-180+85))) -> 0 | N86: =IF((Metrics!$H$1-180+85)<1,"",INDEX(Calc_Daily!$R$2:$R$2001,(Metrics!$H$1-180+85))) -> 0 | O86: =IF((Metrics!$H$1-180+85)<1,"",INDEX(Calc_Daily!$S$2:$S$2001,(Metrics!$H$1-180+85))) -> 0 | P86: =IF((Metrics!$H$1-180+85)<1,"",INDEX(Calc_Daily!$AM$2:$AM$2001,(Metrics!$H$1-180+85))) -> 0 | Q86: =IF((Metrics!$H$1-180+85)<1,"",INDEX(Calc_Daily!$AK$2:$AK$2001,(Metrics!$H$1-180+85))) -> 0 | R86: =IF((Metrics!$H$1-180+85)<1,"",INDEX(Calc_Daily!$AN$2:$AN$2001,(Metrics!$H$1-180+85))) -> 0 | S86: =IF((Metrics!$H$1-180+85)<1,"",INDEX(Calc_Daily!$AD$2:$AD$2001,(Metrics!$H$1-180+85))) -> 0 | T86: =IF((Metrics!$H$1-180+85)<1,"",INDEX(Calc_Daily!$AT$2:$AT$2001,(Metrics!$H$1-180+85))) -> 0 | U86: =IF((Metrics!$H$1-180+85)<1,"",INDEX(Calc_Daily!$AQ$2:$AQ$2001,(Metrics!$H$1-180+85))) -> 0 | V86: =IF((Metrics!$H$1-180+85)<1,"",INDEX(Calc_Daily!$AR$2:$AR$2001,(Metrics!$H$1-180+85))) -> 0
A87: =IF((Metrics!$H$1-180+86)<1,"",INDEX(Calc_Daily!$A$2:$A$2001,(Metrics!$H$1-180+86))) -> 0 | B87: =IF((Metrics!$H$1-180+86)<1,"",INDEX(Calc_Daily!$B$2:$B$2001,(Metrics!$H$1-180+86))) -> 0 | C87: =IF((Metrics!$H$1-180+86)<1,"",INDEX(Calc_Daily!$C$2:$C$2001,(Metrics!$H$1-180+86))) -> 0 | D87: =IF((Metrics!$H$1-180+86)<1,"",INDEX(Calc_Daily!$D$2:$D$2001,(Metrics!$H$1-180+86))) -> 0 | E87: =IF((Metrics!$H$1-180+86)<1,"",INDEX(Calc_Daily!$E$2:$E$2001,(Metrics!$H$1-180+86))) -> 0 | F87: =IF((Metrics!$H$1-180+86)<1,"",INDEX(Calc_Daily!$H$2:$H$2001,(Metrics!$H$1-180+86))) -> 0 | G87: =IF((Metrics!$H$1-180+86)<1,"",INDEX(Calc_Daily!$I$2:$I$2001,(Metrics!$H$1-180+86))) -> 0 | H87: =IF((Metrics!$H$1-180+86)<1,"",INDEX(Calc_Daily!$J$2:$J$2001,(Metrics!$H$1-180+86))) -> 0 | I87: =IF((Metrics!$H$1-180+86)<1,"",INDEX(Calc_Daily!$K$2:$K$2001,(Metrics!$H$1-180+86))) -> 0 | J87: =IF((Metrics!$H$1-180+86)<1,"",INDEX(Calc_Daily!$N$2:$N$2001,(Metrics!$H$1-180+86))) -> 0 | K87: =IF((Metrics!$H$1-180+86)<1,"",70) -> 0 | L87: =IF((Metrics!$H$1-180+86)<1,"",30) -> 0 | M87: =IF((Metrics!$H$1-180+86)<1,"",INDEX(Calc_Daily!$Q$2:$Q$2001,(Metrics!$H$1-180+86))) -> 0 | N87: =IF((Metrics!$H$1-180+86)<1,"",INDEX(Calc_Daily!$R$2:$R$2001,(Metrics!$H$1-180+86))) -> 0 | O87: =IF((Metrics!$H$1-180+86)<1,"",INDEX(Calc_Daily!$S$2:$S$2001,(Metrics!$H$1-180+86))) -> 0 | P87: =IF((Metrics!$H$1-180+86)<1,"",INDEX(Calc_Daily!$AM$2:$AM$2001,(Metrics!$H$1-180+86))) -> 0 | Q87: =IF((Metrics!$H$1-180+86)<1,"",INDEX(Calc_Daily!$AK$2:$AK$2001,(Metrics!$H$1-180+86))) -> 0 | R87: =IF((Metrics!$H$1-180+86)<1,"",INDEX(Calc_Daily!$AN$2:$AN$2001,(Metrics!$H$1-180+86))) -> 0 | S87: =IF((Metrics!$H$1-180+86)<1,"",INDEX(Calc_Daily!$AD$2:$AD$2001,(Metrics!$H$1-180+86))) -> 0 | T87: =IF((Metrics!$H$1-180+86)<1,"",INDEX(Calc_Daily!$AT$2:$AT$2001,(Metrics!$H$1-180+86))) -> 0 | U87: =IF((Metrics!$H$1-180+86)<1,"",INDEX(Calc_Daily!$AQ$2:$AQ$2001,(Metrics!$H$1-180+86))) -> 0 | V87: =IF((Metrics!$H$1-180+86)<1,"",INDEX(Calc_Daily!$AR$2:$AR$2001,(Metrics!$H$1-180+86))) -> 0
A88: =IF((Metrics!$H$1-180+87)<1,"",INDEX(Calc_Daily!$A$2:$A$2001,(Metrics!$H$1-180+87))) -> 0 | B88: =IF((Metrics!$H$1-180+87)<1,"",INDEX(Calc_Daily!$B$2:$B$2001,(Metrics!$H$1-180+87))) -> 0 | C88: =IF((Metrics!$H$1-180+87)<1,"",INDEX(Calc_Daily!$C$2:$C$2001,(Metrics!$H$1-180+87))) -> 0 | D88: =IF((Metrics!$H$1-180+87)<1,"",INDEX(Calc_Daily!$D$2:$D$2001,(Metrics!$H$1-180+87))) -> 0 | E88: =IF((Metrics!$H$1-180+87)<1,"",INDEX(Calc_Daily!$E$2:$E$2001,(Metrics!$H$1-180+87))) -> 0 | F88: =IF((Metrics!$H$1-180+87)<1,"",INDEX(Calc_Daily!$H$2:$H$2001,(Metrics!$H$1-180+87))) -> 0 | G88: =IF((Metrics!$H$1-180+87)<1,"",INDEX(Calc_Daily!$I$2:$I$2001,(Metrics!$H$1-180+87))) -> 0 | H88: =IF((Metrics!$H$1-180+87)<1,"",INDEX(Calc_Daily!$J$2:$J$2001,(Metrics!$H$1-180+87))) -> 0 | I88: =IF((Metrics!$H$1-180+87)<1,"",INDEX(Calc_Daily!$K$2:$K$2001,(Metrics!$H$1-180+87))) -> 0 | J88: =IF((Metrics!$H$1-180+87)<1,"",INDEX(Calc_Daily!$N$2:$N$2001,(Metrics!$H$1-180+87))) -> 0 | K88: =IF((Metrics!$H$1-180+87)<1,"",70) -> 0 | L88: =IF((Metrics!$H$1-180+87)<1,"",30) -> 0 | M88: =IF((Metrics!$H$1-180+87)<1,"",INDEX(Calc_Daily!$Q$2:$Q$2001,(Metrics!$H$1-180+87))) -> 0 | N88: =IF((Metrics!$H$1-180+87)<1,"",INDEX(Calc_Daily!$R$2:$R$2001,(Metrics!$H$1-180+87))) -> 0 | O88: =IF((Metrics!$H$1-180+87)<1,"",INDEX(Calc_Daily!$S$2:$S$2001,(Metrics!$H$1-180+87))) -> 0 | P88: =IF((Metrics!$H$1-180+87)<1,"",INDEX(Calc_Daily!$AM$2:$AM$2001,(Metrics!$H$1-180+87))) -> 0 | Q88: =IF((Metrics!$H$1-180+87)<1,"",INDEX(Calc_Daily!$AK$2:$AK$2001,(Metrics!$H$1-180+87))) -> 0 | R88: =IF((Metrics!$H$1-180+87)<1,"",INDEX(Calc_Daily!$AN$2:$AN$2001,(Metrics!$H$1-180+87))) -> 0 | S88: =IF((Metrics!$H$1-180+87)<1,"",INDEX(Calc_Daily!$AD$2:$AD$2001,(Metrics!$H$1-180+87))) -> 0 | T88: =IF((Metrics!$H$1-180+87)<1,"",INDEX(Calc_Daily!$AT$2:$AT$2001,(Metrics!$H$1-180+87))) -> 0 | U88: =IF((Metrics!$H$1-180+87)<1,"",INDEX(Calc_Daily!$AQ$2:$AQ$2001,(Metrics!$H$1-180+87))) -> 0 | V88: =IF((Metrics!$H$1-180+87)<1,"",INDEX(Calc_Daily!$AR$2:$AR$2001,(Metrics!$H$1-180+87))) -> 0
A89: =IF((Metrics!$H$1-180+88)<1,"",INDEX(Calc_Daily!$A$2:$A$2001,(Metrics!$H$1-180+88))) -> 0 | B89: =IF((Metrics!$H$1-180+88)<1,"",INDEX(Calc_Daily!$B$2:$B$2001,(Metrics!$H$1-180+88))) -> 0 | C89: =IF((Metrics!$H$1-180+88)<1,"",INDEX(Calc_Daily!$C$2:$C$2001,(Metrics!$H$1-180+88))) -> 0 | D89: =IF((Metrics!$H$1-180+88)<1,"",INDEX(Calc_Daily!$D$2:$D$2001,(Metrics!$H$1-180+88))) -> 0 | E89: =IF((Metrics!$H$1-180+88)<1,"",INDEX(Calc_Daily!$E$2:$E$2001,(Metrics!$H$1-180+88))) -> 0 | F89: =IF((Metrics!$H$1-180+88)<1,"",INDEX(Calc_Daily!$H$2:$H$2001,(Metrics!$H$1-180+88))) -> 0 | G89: =IF((Metrics!$H$1-180+88)<1,"",INDEX(Calc_Daily!$I$2:$I$2001,(Metrics!$H$1-180+88))) -> 0 | H89: =IF((Metrics!$H$1-180+88)<1,"",INDEX(Calc_Daily!$J$2:$J$2001,(Metrics!$H$1-180+88))) -> 0 | I89: =IF((Metrics!$H$1-180+88)<1,"",INDEX(Calc_Daily!$K$2:$K$2001,(Metrics!$H$1-180+88))) -> 0 | J89: =IF((Metrics!$H$1-180+88)<1,"",INDEX(Calc_Daily!$N$2:$N$2001,(Metrics!$H$1-180+88))) -> 0 | K89: =IF((Metrics!$H$1-180+88)<1,"",70) -> 0 | L89: =IF((Metrics!$H$1-180+88)<1,"",30) -> 0 | M89: =IF((Metrics!$H$1-180+88)<1,"",INDEX(Calc_Daily!$Q$2:$Q$2001,(Metrics!$H$1-180+88))) -> 0 | N89: =IF((Metrics!$H$1-180+88)<1,"",INDEX(Calc_Daily!$R$2:$R$2001,(Metrics!$H$1-180+88))) -> 0 | O89: =IF((Metrics!$H$1-180+88)<1,"",INDEX(Calc_Daily!$S$2:$S$2001,(Metrics!$H$1-180+88))) -> 0 | P89: =IF((Metrics!$H$1-180+88)<1,"",INDEX(Calc_Daily!$AM$2:$AM$2001,(Metrics!$H$1-180+88))) -> 0 | Q89: =IF((Metrics!$H$1-180+88)<1,"",INDEX(Calc_Daily!$AK$2:$AK$2001,(Metrics!$H$1-180+88))) -> 0 | R89: =IF((Metrics!$H$1-180+88)<1,"",INDEX(Calc_Daily!$AN$2:$AN$2001,(Metrics!$H$1-180+88))) -> 0 | S89: =IF((Metrics!$H$1-180+88)<1,"",INDEX(Calc_Daily!$AD$2:$AD$2001,(Metrics!$H$1-180+88))) -> 0 | T89: =IF((Metrics!$H$1-180+88)<1,"",INDEX(Calc_Daily!$AT$2:$AT$2001,(Metrics!$H$1-180+88))) -> 0 | U89: =IF((Metrics!$H$1-180+88)<1,"",INDEX(Calc_Daily!$AQ$2:$AQ$2001,(Metrics!$H$1-180+88))) -> 0 | V89: =IF((Metrics!$H$1-180+88)<1,"",INDEX(Calc_Daily!$AR$2:$AR$2001,(Metrics!$H$1-180+88))) -> 0
